sep=;
Date;Bid;Ask;Opening price;High price;Low price;Closing price;Average price;Total volume;Turnover;Trades;
2014-12-30;17,10;17,12;17,27;17,30;16,80;17,10;17,02;3991937;67946555,49;2737;
2014-12-29;17,56;17,59;17,00;17,59;17,00;17,56;17,33;4629228;80227405,85;2985;
2014-12-23;16,45;16,50;16,55;16,64;16,05;16,45;16,39;2657964;45360849,29;1676;
2014-12-22;16,48;16,50;16,22;17,10;16,21;16,50;16,75;5769356;96632118,77;3534;
2014-12-19;15,93;15,94;15,73;16,18;15,47;15,94;15,87;4470066;70921710,4;3307;
2014-12-18;15,80;15,82;15,76;16,43;15,36;15,81;16,02;9444526;151275273,85;6313;
2014-12-17;15,05;15,10;14,15;15,11;13,90;15,10;14,39;4339846;62454955,445;3090;
2014-12-16;14,40;14,44;13,40;14,44;13,39;14,44;13,91;4208082;58530721,565;2859;
2014-12-15;13,45;13,50;13,62;14,63;13,45;13,45;14,13;4390831;62063205,17;3421;
2014-12-12;13,70;13,74;13,82;13,82;12,82;13,70;13,27;8389732;111334251,85;5233;
2014-12-11;14,28;14,30;15,20;15,20;14,05;14,29;14,54;6306664;91693866,67;4621;
2014-12-10;15,35;15,37;15,60;16,08;15,12;15,35;15,59;4059047;63294067,29;2526;
2014-12-09;15,50;15,51;16,63;16,69;15,48;15,50;15,90;5728798;91107256,33;4045;
2014-12-08;17,00;17,08;17,85;17,99;16,93;17,00;17,41;1935402;33688976,96;1802;
2014-12-05;17,90;17,94;18,40;18,44;17,75;17,90;17,98;1530823;27525521,82;1376;
2014-12-04;18,26;18,27;18,50;18,98;17,82;18,27;18,33;2271243;41627642,73;2105;
2014-12-03;18,41;18,43;17,40;18,59;17,38;18,43;18,28;5733181;104780037,222;4023;
2014-12-02;17,29;17,30;17,66;18,10;17,00;17,30;17,46;4681238;81728908,955;3843;
2014-12-01;17,28;17,32;19,60;19,61;17,13;17,30;18,21;10118864;184255534,095;7111;
2014-11-28;20,20;20,21;22,57;22,57;19,60;20,21;20,41;8229545;168031537,675;6226;
2014-11-27;22,80;22,85;23,20;23,20;22,66;22,85;22,82;957424;21847389,88;1060;
2014-11-26;23,10;23,13;23,29;23,35;22,95;23,11;23,14;1266760;29306742,36;1290;
2014-11-25;23,30;23,42;23,43;23,59;23,20;23,40;23,37;1174930;27462657,86;1077;
2014-11-24;23,16;23,27;22,98;23,30;22,95;23,27;23,14;821370;19006437;850;
2014-11-21;22,85;22,87;23,10;23,38;22,75;22,87;23,06;1181267;27245875,045;1351;
2014-11-20;23,00;23,01;23,40;23,41;22,95;23,00;23,16;1174138;27188057,58;1298;
2014-11-19;23,54;23,56;23,65;23,75;23,42;23,56;23,54;518440;12202116,27;666;
2014-11-18;23,53;23,60;23,56;23,79;23,50;23,60;23,61;854917;20187181,04;1121;
2014-11-17;23,56;23,58;23,90;23,95;23,50;23,56;23,70;1261647;29904561,515;1506;
2014-11-14;23,59;23,60;22,90;23,78;22,80;23,60;23,34;1473744;34388107,23;1668;
2014-11-13;22,85;22,95;22,90;23,30;22,60;22,95;22,99;1334924;30685410,52;1641;
2014-11-12;22,88;22,92;23,00;23,46;22,72;22,88;23,04;1624297;37423400,425;1748;
2014-11-11;23,03;23,10;23,15;23,35;22,71;23,03;23,04;2313508;53304789,26;2459;
2014-11-10;23,60;23,63;23,85;24,25;23,41;23,63;23,75;2016589;47899309,91;2507;
2014-11-07;23,63;23,69;22,90;23,85;22,53;23,69;23,35;1943596;45375895,575;2344;
2014-11-06;22,64;22,72;22,80;23,37;22,22;22,70;22,88;2025949;46358412,19;1953;
2014-11-05;22,79;22,82;22,10;23,34;22,10;22,80;22,57;2131398;48102383,42;2226;
2014-11-04;22,10;22,14;23,80;23,80;22,04;22,10;22,73;1901829;43231916,49;1925;
2014-11-03;23,65;23,80;23,70;23,99;23,62;23,80;23,84;917657;21875162,2;965;
2014-10-31;23,80;23,83;23,70;23,99;23,45;23,80;23,75;981637;23309261,61;963;
2014-10-30;23,70;23,71;23,50;23,94;23,40;23,70;23,67;1794980;42457483,415;1667;
2014-10-29;23,81;23,82;23,49;24,13;23,04;23,82;23,68;3795802;89870441,95;2894;
2014-10-28;23,20;23,23;23,20;23,59;22,90;23,23;23,25;2058942;47870683,26;2074;
2014-10-27;23,10;23,19;23,30;24,43;22,70;23,18;23,50;3389662;79656877,745;3313;
2014-10-24;22,80;22,82;23,70;24,09;22,60;22,82;23,14;5160824;119436893,24;5038;
2014-10-23;24,16;24,20;27,75;27,75;24,00;24,16;25,08;5289306;132670880,16;5775;
2014-10-22;28,47;28,59;29,20;29,20;28,01;28,50;28,53;1068155;30469386,26;1472;
2014-10-21;28,50;28,80;26,70;29,19;26,65;28,70;28,39;1918999;54496908,91;2109;
2014-10-20;26,50;26,61;26,58;26,99;26,10;26,60;26,54;960451;25485603,14;922;
2014-10-17;26,40;26,48;25,20;26,74;25,16;26,40;26,08;2235250;58292341,12;2314;
2014-10-16;24,90;25,00;24,64;25,37;22,91;25,00;23,95;3079842;73786125,52;3835;
2014-10-15;24,67;24,70;27,00;27,25;24,70;24,70;25,54;3225273;82373672,16;3244;
2014-10-14;27,38;27,40;27,50;28,44;26,75;27,38;27,23;2014987;54867227,515;2076;
2014-10-13;27,76;27,87;28,80;28,80;27,65;27,80;28,25;1359311;38396933,96;1553;
2014-10-10;29,30;29,45;30,45;30,45;28,41;29,40;29,39;1764382;51830458,3;2088;
2014-10-09;30,60;30,80;30,60;30,85;30,22;30,80;30,55;1311970;40073943,75;1742;
2014-10-08;30,13;30,24;30,00;30,35;29,30;30,23;29,85;1109243;33110334,73;1260;
2014-10-07;30,10;30,30;30,42;30,50;29,10;30,30;29,94;1162635;34812357,435;1479;
2014-10-06;30,19;30,40;30,50;30,58;29,58;30,40;30,07;1620746;48732561,655;1658;
2014-10-03;30,31;30,42;29,09;30,49;28,71;30,31;29,68;2320167;68855882,92;2393;
2014-10-02;28,44;28,55;31,00;31,00;28,22;28,45;29,24;3582830;104767300,54;4979;
2014-10-01;31,15;31,18;32,15;32,66;31,00;31,15;31,63;1573074;49753589,44;1903;
2014-09-30;31,74;31,75;30,20;31,95;30,10;31,75;31,08;3315260;103025248,325;3488;
2014-09-29;29,81;29,85;31,15;31,28;29,30;29,85;30,01;3317058;99560519,27;3012;
2014-09-26;30,60;30,66;31,80;32,00;30,50;30,60;31,04;3195013;99175184,26;3077;
2014-09-25;31,50;31,60;33,00;33,19;31,50;31,50;32,40;5129198;166170261,94;6559;
2014-09-24;32,40;32,41;35,11;35,30;32,10;32,40;33,37;3290739;109925244,14;3531;
2014-09-23;34,94;34,96;36,01;36,10;34,85;34,94;35,23;2112933;74433649,62;2546;
2014-09-22;36,32;36,47;38,10;38,10;36,32;36,32;36,92;1719128;63403093,305;1678;
2014-09-19;37,98;38,00;37,67;38,49;36,70;38,00;37,80;1944774;73541474,57;1497;
2014-09-18;37,65;37,66;39,58;39,58;37,65;37,65;38,37;1499633;57539568,62;1941;
2014-09-17;39,50;39,54;38,89;39,52;38,72;39,50;39,31;731746;28767573,74;1025;
2014-09-16;38,70;38,78;40,42;40,42;37,86;38,70;38,82;3224841;125180463,82;4527;
2014-09-15;40,07;40,20;39,50;40,88;39,10;40,20;40,06;1016218;40701704,44;1155;
2014-09-12;39,55;39,60;39,75;40,00;39,02;39,55;39,65;865256;34304763,91;1081;
2014-09-11;39,59;39,61;41,35;41,57;39,21;39,60;40,50;1322011;53533608,83;1692;
2014-09-10;41,13;41,20;42,20;42,50;41,13;41,13;41,71;762960;31822600,33;1202;
2014-09-09;42,71;42,91;43,03;43,03;42,30;42,91;42,71;826874;35314278,84;1255;
2014-09-08;43,00;43,03;43,44;43,54;42,78;43,03;43,11;730767;31503060,94;1395;
2014-09-05;43,43;43,55;43,50;43,59;42,62;43,55;43,09;634965;27363291,63;973;
2014-09-04;43,66;43,74;44,10;44,14;43,31;43,66;43,63;733344;31994515,5;1243;
2014-09-03;44,10;44,19;44,15;44,35;44,00;44,13;44,15;397904;17567035,5;686;
2014-09-02;44,00;44,05;44,00;44,20;43,80;44,00;44,04;559831;24653674,47;779;
2014-09-01;43,84;43,94;43,80;43,94;43,20;43,94;43,70;351252;15349809,87;675;
2014-08-29;43,40;43,50;43,50;44,00;42,70;43,50;43,40;676180;29347368,99;995;
2014-08-28;43,10;43,13;42,50;43,67;41,40;43,10;42,49;1207716;51320908,18;1965;
2014-08-27;41,70;41,75;40,80;41,75;40,42;41,75;40,97;561074;22987124,87;973;
2014-08-26;40,90;40,92;42,20;42,20;40,81;40,90;41,36;936687;38745185,95;1396;
2014-08-25;42,26;42,28;43,20;43,45;42,26;42,26;42,74;417575;17847362,61;765;
2014-08-22;43,02;43,10;43,60;44,17;43,02;43,02;43,55;393109;17119459,74;754;
2014-08-21;43,45;43,49;43,50;43,88;43,40;43,45;43,61;323509;14108034,49;590;
2014-08-20;43,35;43,42;42,70;43,42;42,70;43,42;42,99;543222;23355449,37;1081;
2014-08-19;42,50;42,63;42,70;42,75;42,10;42,63;42,52;394380;16769012,215;654;
2014-08-18;42,30;42,50;42,20;43,00;42,00;42,50;42,51;538851;22904671,45;841;
2014-08-15;41,90;42,00;42,20;43,00;41,70;42,00;42,44;881696;37420539,02;1091;
2014-08-14;42,02;42,23;40,40;42,60;39,99;42,23;41,62;1622118;67515651,96;2426;
2014-08-13;40,53;40,59;41,60;41,99;40,42;40,53;40,79;799350;32607636,47;1339;
2014-08-12;41,40;41,48;40,90;42,30;40,50;41,48;41,73;1080891;45107702,43;1779;
2014-08-11;40,30;40,32;38,90;40,40;38,86;40,32;40,08;1195265;47901315,67;2105;
2014-08-08;38,49;38,60;38,80;38,80;38,05;38,59;38,49;939731;36165652,14;1449;
2014-08-07;38,81;38,83;39,20;40,00;38,62;38,81;39,38;787159;30996783,05;1255;
2014-08-06;38,69;38,75;39,66;40,00;38,20;38,69;38,87;2145159;83386454,565;2818;
2014-08-05;40,55;40,57;41,20;41,21;40,36;40,57;40,83;602021;24583315,21;944;
2014-08-04;41,21;41,30;41,50;42,05;41,20;41,21;41,76;611759;25546320,885;1184;
2014-08-01;41,30;41,49;43,00;43,23;41,17;41,30;42,01;1129065;47485793,325;1566;
2014-07-31;43,27;43,30;44,32;44,50;43,27;43,27;43,72;453774;19840255,76;670;
2014-07-30;44,59;44,68;45,40;45,40;44,40;44,59;44,81;469492;21038532,6;692;
2014-07-29;45,35;45,40;45,20;45,79;45,20;45,40;45,51;320696;14593645,43;554;
2014-07-28;45,17;45,35;45,10;45,80;45,05;45,19;45,31;349130;15818403,72;668;
2014-07-25;45,20;45,50;45,20;45,79;45,05;45,49;45,39;430324;19532667,63;633;
2014-07-24;45,43;45,58;45,20;45,85;45,20;45,45;45,65;512350;23387599,29;948;
2014-07-23;45,05;45,08;44,90;45,38;44,65;45,05;45,12;573324;25866291,8;714;
2014-07-22;44,75;44,84;44,09;44,87;43,70;44,83;44,55;333461;14855887,59;436;
2014-07-21;43,93;44,09;43,95;44,00;42,85;44,00;43,45;595534;25874010,25;729;
2014-07-18;43,91;44,00;43,81;44,60;43,51;44,00;44,09;385795;17009702,69;879;
2014-07-17;43,85;43,98;44,13;44,30;43,85;43,85;44,05;347353;15308225,605;510;
2014-07-16;44,50;44,57;44,65;45,20;44,24;44,57;44,63;594518;26533338,69;1032;
2014-07-15;44,45;44,56;43,57;44,69;43,50;44,50;44,23;955078;42241328,05;1998;
2014-07-14;43,40;43,50;43,80;43,90;42,20;43,40;42,90;2226683;95535139,24;2316;
2014-07-11;43,95;44,15;44,50;44,58;43,91;44,15;44,15;294546;13004750,17;488;
2014-07-10;44,35;44,40;45,00;45,00;44,00;44,35;44,46;643997;28630826,87;948;
2014-07-09;44,80;44,90;44,66;45,06;44,55;44,90;44,87;412953;18529430,42;784;
2014-07-08;44,65;44,70;45,90;45,90;44,45;44,66;45,16;1318055;59510819,835;1611;
2014-07-07;46,30;46,43;46,51;46,80;46,26;46,30;46,59;1033504;48155722,41;875;
2014-07-04;46,51;46,75;46,82;46,82;46,40;46,51;46,59;421865;19656121,72;569;
2014-07-03;46,94;47,00;45,50;47,00;45,46;47,00;46,27;1073626;49678065,91;1225;
2014-07-02;45,65;45,69;45,00;45,95;44,95;45,65;45,50;1710113;77806994,31;1769;
2014-07-01;45,55;45,60;45,90;46,20;44,60;45,60;45,42;2140272;97214177,79;2763;
2014-06-30;46,40;46,50;46,40;46,90;45,30;46,50;46,21;1275172;58930364,2;1840;
2014-06-27;46,50;46,60;46,30;47,60;46,30;46,60;46,90;1275092;59801843,7;1195;
2014-06-26;45,70;45,90;45,80;46,10;45,40;45,90;45,75;903688;41340094,8;1455;
2014-06-25;45,50;45,60;47,50;47,60;44,80;45,60;46,05;2739459;126167837,25;3379;
2014-06-24;47,40;47,50;48,80;49,40;47,30;47,40;48,29;3546576;171267334,498;4025;
2014-06-23;47,40;47,60;48,20;48,30;46,40;47,60;47,11;1405351;66205831,2;1248;
2014-06-19;46,60;47,00;46,20;47,00;46,00;47,00;46,46;794563;36915757,2;518;
2014-06-18;46,40;46,50;46,00;46,70;46,00;46,50;46,37;892151;41369435,6;632;
2014-06-17;46,10;46,30;46,40;46,60;45,20;46,10;45,75;1661996;76037015,45;1390;
2014-06-16;46,40;46,50;48,00;48,10;46,30;46,40;47,46;910225;43198721,6;888;
2014-06-13;48,00;48,10;48,50;48,50;48,00;48,00;48,04;817461;39272472,2;662;
2014-06-12;48,50;48,60;48,90;48,90;48,10;48,50;48,43;517577;25067485,3;632;
2014-06-11;48,80;49,00;48,80;49,00;48,10;48,90;48,43;665354;32221000,6;948;
2014-06-10;49,00;49,20;49,20;49,20;48,70;49,10;48,93;765804;37472119,4;1049;
2014-06-09;48,90;49,30;48,60;49,30;48,50;49,30;49,00;1070775;52474136,5;1073;
2014-06-05;48,50;48,60;48,30;48,70;48,00;48,50;48,22;853966;41180698,1;942;
2014-06-04;48,00;48,20;48,40;48,40;48,00;48,00;48,09;1116436;53693246,8;817;
2014-06-03;48,30;48,50;47,80;48,50;47,50;48,50;48,17;1417500;68283295,8;963;
2014-06-02;47,70;47,80;48,00;48,10;47,40;47,70;47,77;1231963;58849477,5;1267;
2014-05-30;47,40;47,70;47,70;47,80;47,10;47,40;47,49;991427;47084724,1;1483;
2014-05-28;47,60;47,70;47,30;47,70;46,90;47,70;47,36;423754;20067376,7;700;
2014-05-27;47,20;47,30;47,60;48,10;47,20;47,20;47,77;1655133;79057500,4;1295;
2014-05-26;47,20;47,30;47,60;48,50;47,00;47,20;47,55;1011705;48103475,6;1750;
2014-05-23;47,10;47,20;45,70;47,80;45,40;47,10;46,32;4657379;215629794;4701;
2014-05-22;48,10;48,20;49,00;49,30;48,00;48,10;48,74;1822032;88806039,4;2474;
2014-05-21;49,50;49,80;50,00;50,25;49,20;49,50;49,76;4012224;199667844,45;3041;
2014-05-20;50,75;51,00;50,75;51,50;50,25;50,75;50,92;1212942;61760407;1329;
2014-05-19;50,75;51,00;51,75;52,00;50,25;50,75;51,17;1750235;89558575,75;1721;
2014-05-16;51,25;51,75;51,75;52,25;51,50;51,50;51,74;2876140;148803534,75;1172;
2014-05-15;51,50;51,75;50,50;52,00;49,90;51,50;50,97;2687232;136963897,25;2493;
2014-05-14;52,75;53,00;52,50;53,25;51,75;53,00;52,40;973327;51002627,25;1002;
2014-05-13;52,50;52,75;53,00;53,00;52,50;52,50;52,71;767830;40475831,25;734;
2014-05-12;52,50;52,75;53,00;53,75;52,00;52,75;52,66;1506585;79367202,5;1506;
2014-05-09;52,75;53,00;52,50;53,00;52,00;53,00;52,50;2133009;111986024,25;1036;
2014-05-08;52,50;52,75;53,50;54,50;52,50;52,75;53,41;1941442;103691959;1778;
2014-05-07;53,25;53,75;51,25;53,75;51,25;53,50;52,60;2677611;140854328,25;2221;
2014-05-06;51,25;51,50;51,25;52,00;50,75;51,25;51,36;1251188;64260348,875;1626;
2014-05-05;50,75;51,00;51,25;51,50;50,00;51,00;50,93;1426182;72645714,25;1412;
2014-05-02;50,50;50,75;49,70;50,75;49,60;50,75;50,10;994854;49844823,65;1520;
2014-04-30;49,50;49,60;49,10;49,90;48,90;49,60;49,46;718448;35532170,5;936;
2014-04-29;49,00;49,10;49,00;49,50;48,20;49,00;49,06;1149083;56365563,3;1218;
2014-04-28;48,80;49,00;48,40;49,60;48,30;48,80;49,09;837868;41128185,7;1101;
2014-04-25;48,60;48,70;48,30;49,40;47,60;48,70;48,64;1000748;48678400,5;1176;
2014-04-24;48,30;48,40;48,10;49,20;47,70;48,30;48,44;1288841;62430148,8;1598;
2014-04-23;48,00;48,10;46,10;48,20;45,80;48,00;47,23;1619683;76490100,5;1823;
2014-04-22;45,60;45,70;45,10;45,70;45,10;45,70;45,40;598563;27174700,4;857;
2014-04-17;45,00;45,20;45,40;45,50;44,80;45,00;45,07;739590;33334873,6;787;
2014-04-16;44,80;44,90;45,00;45,30;44,60;44,80;44,85;815289;36566322,4;936;
2014-04-15;44,40;44,60;45,30;46,20;44,50;44,50;45,25;1150961;52082121,2;1570;
2014-04-14;45,20;45,30;44,40;45,90;43,50;45,20;44,61;1250035;55759723,7;1598;
2014-04-11;44,40;44,70;44,70;44,70;43,40;44,40;44,21;1164061;51467805,1;1460;
2014-04-10;44,90;45,00;45,40;45,50;44,80;45,00;45,10;747464;33709728,6;1118;
2014-04-09;45,10;45,30;45,40;45,60;45,00;45,30;45,30;975233;44175402,8;1294;
2014-04-08;44,80;45,00;45,90;45,90;44,60;44,80;45,28;1366782;61883904,35;1810;
2014-04-07;45,60;45,70;45,90;45,90;44,80;45,60;45,44;1819422;82681113,1;1899;
2014-04-04;45,90;46,00;45,20;46,70;44,60;45,90;46,01;5597418;253020049,2;2494;
2014-04-03;44,90;45,00;46,00;46,30;44,80;45,00;45,48;3259406;148225621,3;3109;
2014-04-02;45,50;45,60;46,20;46,30;45,00;45,60;45,50;3254672;148084162,9;3576;
2014-04-01;46,00;46,10;43,80;46,50;43,70;46,10;45,28;6677870;302352442,2;6776;
2014-03-31;43,20;43,40;43,80;44,20;42,70;43,40;43,38;2937568;127426245;3679;
2014-03-28;43,20;43,30;44,50;45,30;42,00;43,30;43,29;7325178;317068801,2;8600;
2014-03-27;44,30;44,50;47,00;47,00;44,30;44,30;45,83;5663302;259522937,05;5591;
2014-03-26;49,80;49,90;50,50;51,00;49,80;49,80;50,21;858184;43089766,15;873;
2014-03-25;50,25;50,50;50,50;51,25;50,00;50,25;50,74;768744;39033978,5;782;
2014-03-24;50,25;50,50;51,25;51,75;50,25;50,25;51,18;832460;42603968,625;746;
2014-03-21;51,75;52,00;50,75;52,00;50,50;52,00;51,09;1100340;56215835,5;895;
2014-03-20;50,25;50,50;51,25;51,25;50,00;50,50;50,58;788714;39895420,75;685;
2014-03-19;51,25;51,50;51,00;52,50;50,50;51,50;51,40;1462216;75164371,5;1255;
2014-03-18;50,50;50,75;50,50;51,50;50,25;50,50;50,90;1541807;78476238,875;1836;
2014-03-17;50,00;50,25;50,00;50,25;49,60;50,25;49,90;775595;38703017;1221;
2014-03-14;49,70;49,80;49,50;50,50;49,10;49,80;49,75;1060617;52770625,1;2012;
2014-03-13;49,80;50,00;51,25;52,00;49,80;49,80;50,91;1656112;84306118,25;1921;
2014-03-12;51,75;52,00;51,50;52,00;51,00;51,75;51,61;1293864;66773592,25;1661;
2014-03-11;51,50;52,00;52,00;52,75;51,50;51,75;52,14;3732726;194619398;3926;
2014-03-10;50,50;50,75;51,75;52,00;49,70;50,75;50,62;928496;47000672,2;998;
2014-03-07;51,50;51,75;52,50;52,50;50,75;51,50;51,86;580789;30120288,5;948;
2014-03-06;52,50;52,75;51,25;52,75;51,00;52,75;52,02;837591;43573665,75;992;
2014-03-05;50,75;51,25;51,50;51,75;50,25;51,25;50,95;1341097;68334645,25;1598;
2014-03-04;49,90;50,25;49,00;50,25;49,00;50,25;49,88;709153;35373646,7;1586;
2014-03-03;48,40;48,60;49,20;49,50;48,40;48,40;48,86;1129055;55167667,2;2081;
2014-02-28;50,50;50,75;50,00;50,75;49,80;50,75;50,24;454507;22836487,85;620;
2014-02-27;49,80;49,90;49,60;50,25;49,50;49,80;50,00;1413859;70692245,25;1637;
2014-02-26;50,25;50,50;50,00;51,00;49,80;50,25;50,37;1065024;53646314,85;1318;
2014-02-25;50,50;50,75;51,50;51,75;50,50;50,75;50,89;450051;22904342,25;695;
2014-02-24;51,75;52,00;52,50;52,50;51,50;51,75;51,98;781839;40638496,5;857;
2014-02-21;52,50;52,75;52,50;53,25;52,25;52,50;52,67;1230424;64801177,5;1372;
2014-02-20;52,50;52,75;51,00;52,75;50,75;52,75;51,86;963846;49983828;1325;
2014-02-19;51,25;51,50;49,30;52,25;49,20;51,50;50,78;1026332;52110161,55;1633;
2014-02-18;49,40;49,70;49,30;49,70;48,90;49,70;49,35;328734;16222532,3;930;
2014-02-17;49,30;49,40;49,50;49,90;49,20;49,30;49,53;348227;17246031,7;971;
2014-02-14;49,50;49,80;49,50;49,80;48,90;49,80;49,26;1006720;49589754;1917;
2014-02-13;49,10;49,20;48,00;49,20;47,50;49,20;48,10;1834479;88240890;1886;
2014-02-12;49,00;49,20;48,80;50,25;48,40;49,00;49,48;2598081;128556105,55;2847;
2014-02-11;47,80;47,90;47,40;48,40;47,30;47,80;47,94;722628;34646318,6;1766;
2014-02-10;47,70;47,80;48,60;48,70;47,20;47,80;47,95;1128294;54098208,1;2263;
2014-02-07;47,70;47,90;48,60;48,80;47,20;47,70;48,00;1127812;54130461,8;1915;
2014-02-06;48,60;48,90;47,30;48,90;46,50;48,90;47,87;1563684;74846409,1;2176;
2014-02-05;47,20;47,40;49,30;49,70;46,70;47,20;48,08;1647066;79188361,2;2682;
2014-02-04;48,60;48,70;48,30;49,30;47,10;48,60;48,15;1057639;50924039,1;2728;
2014-02-03;48,20;48,30;48,50;49,00;47,70;48,20;48,39;1074826;52006908,5;2009;
2014-01-31;47,60;47,80;48,30;48,50;46,50;47,80;47,37;2415778;114447327,5;3264;
2014-01-30;48,70;48,80;49,30;49,50;48,10;48,80;48,58;1783442;86640313,3;2172;
2014-01-29;49,60;49,80;51,00;51,00;49,30;49,60;50,18;1390421;69775809,8;1858;
2014-01-28;49,90;50,00;50,50;51,25;49,40;50,00;50,10;765660;38357330,65;1357;
2014-01-27;50,25;50,50;51,00;51,00;49,40;50,50;50,10;1745439;87443872,6;2230;
2014-01-24;51,25;51,50;53,50;54,25;51,00;51,25;52,32;1254496;65636551;1577;
2014-01-23;53,25;53,50;54,25;55,00;53,25;53,50;54,36;1187603;64557520,5;1241;
2014-01-22;53,75;54,00;53,50;54,75;52,50;53,75;53,67;1356881;72822571;1508;
2014-01-21;52,75;53,00;55,25;55,25;52,75;53,00;53,92;2748289;148192802;2885;
2014-01-20;55,75;56,00;56,75;57,00;55,75;55,75;56,01;774769;43390929,25;1003;
2014-01-17;56,50;57,00;57,25;57,50;56,50;56,50;57,01;1148134;65457224,75;1328;
2014-01-16;57,00;57,25;58,00;58,25;56,00;57,00;57,05;3988866;227578738,5;3597;
2014-01-15;58,50;58,75;61,25;61,50;57,75;58,50;59,69;7094408;423471810;5037;
2014-01-14;56,75;57,00;56,75;57,00;55,75;56,75;56,50;1667418;94213576,75;1220;
2014-01-13;57,25;57,50;57,75;58,25;57,25;57,50;57,61;620848;35766173;683;
2014-01-10;57,50;57,75;58,25;59,25;57,50;57,75;58,21;1678031;97674692,75;1227;
2014-01-09;58,00;58,25;58,25;59,25;57,50;58,00;58,57;1648859;96567705,75;1666;
2014-01-08;58,50;58,75;58,00;58,75;57,75;58,75;58,37;1005441;58690856,75;1165;
2014-01-07;57,00;57,25;57,00;57,50;56,25;57,25;56,89;1009344;57424324,25;842;
2014-01-03;56,75;57,00;57,00;57,50;56,75;57,00;57,10;735517;42000977,75;737;
2014-01-02;56,75;57,00;56,00;57,50;56,00;56,75;56,80;1065901;60541449;1225;
2013-12-30;55,50;55,75;55,00;55,75;54,50;55,75;55,14;750184;41366092,5;845;
2013-12-27;54,50;54,75;54,00;55,25;54,00;54,50;54,44;529393;28820871,75;776;
2013-12-23;53,75;54,00;52,75;54,00;52,25;53,75;52,81;558094;29474628,25;558;
2013-12-20;52,75;53,00;52,75;53,00;51,75;52,75;52,32;909578;47589731,75;914;
2013-12-19;52,25;52,50;53,00;53,25;52,25;52,50;52,79;1128852;59592582,75;792;
2013-12-18;51,75;52,00;53,00;53,25;51,75;51,75;52,51;962585;50544869,5;854;
2013-12-17;52,50;52,75;53,00;53,25;51,75;52,75;52,45;1965244;103069322,25;1295;
2013-12-16;52,75;53,00;53,25;54,00;52,75;53,00;53,39;1316327;70280291,25;907;
2013-12-13;53,00;53,25;52,75;54,25;52,75;53,00;53,47;1793026;95872026,75;1239;
2013-12-12;52,75;53,00;54,00;54,25;52,75;53,00;53,48;1884892;100796326,25;1340;
2013-12-11;54,00;54,25;55,25;55,50;54,25;54,25;54,94;2000763;109931291;1355;
2013-12-10;55,75;56,00;55,50;56,25;54,50;56,00;55,24;3828380;211464444,75;2460;
2013-12-09;55,50;55,75;57,00;58,50;55,00;55,50;56,92;8663193;493146464,5;5768;
2013-12-06;61,00;61,25;61,00;62,00;61,00;61,00;61,41;641599;39402463,5;639;
2013-12-05;60,75;61,00;60,75;61,50;60,50;60,75;60,98;842575;51384405,5;965;
2013-12-04;60,50;60,75;61,50;62,00;60,50;60,75;61,23;925617;56676724;1182;
2013-12-03;61,25;61,50;62,75;63,25;61,00;61,50;62,08;1170178;72642484,5;1424;
2013-12-02;63,00;63,25;63,50;64,25;63,00;63,00;63,64;794040;50529954,25;761;
2013-11-29;63,00;63,25;64,75;64,75;63,25;63,25;63,85;672131;42915083,75;836;
2013-11-28;64,50;64,75;64,50;64,75;64,25;64,75;64,54;580777;37484058,5;803;
2013-11-27;64,75;65,00;64,75;65,75;64,50;64,75;65,14;948878;61814599,25;1299;
2013-11-26;64,50;64,75;65,00;65,50;64,25;64,50;64,79;1437934;93343695,25;1454;
2013-11-25;65,00;65,25;64,50;66,75;64,25;65,00;65,63;4129637;270966741;3765;
2013-11-22;63,75;64,00;62,75;64,50;62,25;64,00;63,19;3232603;204262967,25;3108;
2013-11-21;59,50;59,75;58,00;59,75;57,75;59,75;58,87;1464352;86205395,5;1273;
2013-11-20;57,75;58,00;57,00;58,25;57,00;58,00;57,85;1040817;60207544,25;986;
2013-11-19;56,50;56,75;56,50;57,00;56,00;56,75;56,49;407837;23040018,25;476;
2013-11-18;56,50;56,75;56,00;56,75;55,50;56,75;56,19;563169;31646453;691;
2013-11-15;55,50;55,75;56,25;57,00;55,75;55,75;56,25;874395;49185699,5;758;
2013-11-14;56,00;56,25;55,75;57,25;55,00;56,25;56,13;1258638;70650122,75;1349;
2013-11-13;55,00;55,25;55,50;55,75;55,00;55,25;55,29;1733595;95857609;2142;
2013-11-12;55,00;55,25;54,75;55,50;54,75;55,00;55,07;522258;28760202,25;703;
2013-11-11;55,00;55,25;55,00;55,75;55,00;55,25;55,27;582940;32217772;649;
2013-11-08;54,50;54,75;54,50;55,50;54,25;54,50;54,79;871824;47767536,75;1004;
2013-11-07;54,75;55,00;53,75;56,50;53,50;55,00;55,42;2475067;137179579,75;2294;
2013-11-06;54,50;54,75;55,50;55,75;53,75;54,50;54,69;2838586;155267696,25;1774;
2013-11-05;56,00;56,25;56,25;56,75;55,75;56,00;56,22;646922;36367776;1009;
2013-11-04;56,25;56,50;57,00;57,00;56,25;56,25;56,42;830788;46873068,5;925;
2013-11-01;56,75;57,00;57,50;57,50;56,75;56,75;57,06;374169;21351086;318;
2013-10-31;57,25;57,50;57,00;57,75;56,75;57,50;57,35;516688;29629849,5;648;
2013-10-30;56,75;57,00;58,00;58,00;56,75;57,00;57,28;664444;38056559,5;754;
2013-10-29;57,25;57,50;56,75;58,00;56,75;57,50;57,51;1252568;72032116,75;1316;
2013-10-28;57,00;57,25;56,50;57,25;56,25;57,00;56,75;1200465;68129065,5;1168;
2013-10-25;57,50;57,75;57,50;57,75;56,75;57,75;57,33;1305163;74818978,25;1166;
2013-10-24;57,75;58,00;56,50;57,75;56,50;57,75;57,20;931189;53265501,5;808;
2013-10-23;56,25;56,50;56,75;56,75;56,25;56,50;56,48;891194;50330500,75;771;
2013-10-22;56,75;57,25;58,50;58,50;57,00;57,00;57,46;1352736;77722659;1102;
2013-10-21;58,25;58,50;59,00;59,00;57,50;58,50;58,19;1123264;65361954,75;1220;
2013-10-18;58,50;58,75;59,75;60,00;58,50;58,50;59,35;1505046;89321865,75;1513;
2013-10-17;58,75;59,00;57,00;59,00;55,75;59,00;57,44;5862023;336730181,875;4584;
2013-10-16;52,75;53,00;53,25;53,50;51,50;53,00;52,59;609715;32062660,5;704;
2013-10-15;53,00;53,25;53,00;54,00;53,00;53,00;53,48;432501;23129884,5;542;
2013-10-14;52,50;52,75;52,75;53,25;51,75;52,75;52,59;602720;31696010,75;664;
2013-10-11;52,75;53,00;54,00;54,00;52,75;52,75;53,27;601166;32021929,5;666;
2013-10-10;53,00;53,25;53,00;54,00;52,50;53,25;53,23;704069;37475944,75;918;
2013-10-09;53,25;53,50;53,75;54,50;53,25;53,25;53,92;933704;50344547,25;1086;
2013-10-08;54,25;54,50;54,25;55,00;54,25;54,25;54,55;788354;43001159,5;1013;
2013-10-07;54,00;54,25;55,50;55,75;53,50;54,00;54,37;1788753;97262407,25;2189;
2013-10-04;55,50;55,75;54,50;56,00;54,25;55,75;55,44;3327574;184477305;3817;
2013-10-03;54,00;54,25;54,50;54,75;53,75;54,00;54,20;642907;34847164;907;
2013-10-02;54,00;54,25;54,00;54,75;53,50;54,00;54,16;958539;51916081,5;1187;
2013-10-01;53,25;53,50;51,50;53,75;51,25;53,25;52,70;1804374;95082339,5;2098;
2013-09-30;51,50;51,75;52,50;52,75;51,75;51,75;52,29;1150069;60131900,25;1075;
2013-09-27;53,50;53,75;54,25;54,50;52,25;53,50;53,39;1049558;56038199,5;1175;
2013-09-26;54,00;54,25;54,50;55,25;53,50;54,00;54,41;2781461;151327507,75;3067;
2013-09-25;52,75;53,00;53,25;53,50;52,75;53,00;53,11;714189;37931889,75;863;
2013-09-24;52,50;52,75;52,00;54,50;52,00;52,75;53,27;2347728;125068192,25;2530;
2013-09-23;51,25;51,50;51,50;51,75;50,00;51,50;50,88;1151303;58578924,75;1786;
2013-09-20;50,75;51,00;49,60;51,75;49,30;50,75;50,56;1126636;56964625,1;1572;
2013-09-19;49,70;49,80;50,75;52,25;49,50;49,70;50,92;2243677;114242598,45;3077;
2013-09-18;50,00;50,25;48,90;50,25;48,30;50,25;49,56;1276238;63282179,9;2257;
2013-09-17;48,50;48,70;49,00;49,00;48,50;48,50;48,72;228779;11147240,7;361;
2013-09-16;48,90;49,00;48,80;49,30;48,40;48,90;48,92;911930;44616071,9;1397;
2013-09-13;47,90;48,10;48,00;48,30;47,10;48,10;47,71;364599;17393248,7;858;
2013-09-12;47,70;47,80;48,00;48,60;46,90;47,70;47,57;764910;36386681,7;1242;
2013-09-11;48,20;48,50;49,50;49,80;48,10;48,20;49,10;870211;42724837,3;1445;
2013-09-10;49,30;49,40;49,50;50,00;49,00;49,40;49,49;707027;34991025,2;1462;
2013-09-09;48,90;49,00;50,50;50,75;48,60;48,90;49,28;1198164;59045792;2089;
2013-09-06;50,25;50,50;50,00;51,50;49,80;50,25;50,53;2124805;107360840,2;2276;
2013-09-05;48,80;48,90;48,90;49,70;48,60;48,80;49,10;1224505;60127691,1;1630;
2013-09-04;48,40;48,50;46,00;48,80;45,40;48,50;47,13;2357947;111134543,3;2765;
2013-09-03;45,80;46,00;46,00;46,50;44,40;45,90;45,51;1504655;68471030,8;2068;
2013-09-02;43,90;44,20;43,40;44,70;43,20;44,20;44,14;333851;14735566,3;431;
2013-08-30;43,40;43,50;44,10;44,70;43,40;43,40;43,86;447401;19625130;890;
2013-08-29;43,60;43,70;41,70;44,90;41,00;43,70;43,06;1033569;44500506,1;1302;
2013-08-28;41,60;41,70;41,40;42,00;40,60;41,70;41,32;762174;31492877,7;946;
2013-08-27;41,80;41,90;43,70;43,70;41,50;41,80;42,04;1021943;42966056,6;1446;
2013-08-26;43,50;43,60;43,00;44,50;42,80;43,50;43,68;413240;18050132,6;487;
2013-08-23;43,00;43,10;43,00;43,50;42,80;43,00;43,14;422002;18206818,5;588;
2013-08-22;42,90;43,00;43,00;43,30;41,50;42,90;42,46;965022;40977108,8;1038;
2013-08-21;42,90;43,00;43,00;43,60;42,70;43,00;43,04;517436;22268482,3;701;
2013-08-20;43,30;43,40;44,20;44,20;43,30;43,30;43,60;727444;31715710,9;1108;
2013-08-19;44,60;44,70;45,90;46,00;44,50;44,60;45,04;724714;32807164,5;982;
2013-08-16;45,70;45,80;46,40;46,40;45,30;45,80;45,95;553254;25421764,9;704;
2013-08-15;46,40;46,70;46,80;47,20;46,30;46,40;46,80;371350;17379859,2;572;
2013-08-14;47,10;47,30;46,60;47,50;46,60;47,10;46,91;585078;27445005;753;
2013-08-13;47,50;47,60;47,70;48,00;47,40;47,60;47,76;286606;13688597;687;
2013-08-12;47,70;47,90;48,60;48,60;47,70;47,70;47,95;235182;11276090,7;316;
2013-08-09;48,00;48,10;47,30;48,50;47,30;48,10;47,95;433758;20799589,3;555;
2013-08-08;47,20;47,40;47,90;48,10;47,00;47,20;47,55;430025;20447900;632;
2013-08-07;48,20;48,40;48,90;48,90;48,00;48,40;48,52;332570;16136333;462;
2013-08-06;48,70;49,00;49,10;49,70;48,70;48,70;49,14;277346;13629274;371;
2013-08-05;49,40;49,50;49,80;50,00;49,00;49,50;49,48;347780;17208306,1;502;
2013-08-02;49,80;50,00;50,00;50,50;49,50;50,00;49,99;979558;48968765,35;1019;
2013-08-01;49,60;49,80;49,70;49,90;48,60;49,60;49,30;796588;39271406,8;1161;
2013-07-31;49,00;49,10;48,20;49,80;47,30;49,00;48,76;2520794;122910015;2574;
2013-07-30;46,20;46,40;45,80;46,50;45,60;46,40;46,15;122093;5634732,1;192;
2013-07-29;45,70;46,00;46,00;46,20;45,40;46,00;45,78;180239;8251350,4;261;
2013-07-26;46,00;46,10;46,70;46,70;46,00;46,10;46,31;130671;6051968;291;
2013-07-25;46,50;46,70;46,80;47,00;46,10;46,50;46,47;193989;9015508,9;325;
2013-07-24;46,70;46,80;46,00;47,00;45,80;46,80;46,60;237887;11084379,8;384;
2013-07-23;45,70;45,80;45,00;45,90;44,70;45,70;45,44;216668;9845554,6;415;
2013-07-22;44,60;44,70;44,50;45,00;44,20;44,70;44,54;145933;6499176;331;
2013-07-19;44,70;44,80;45,90;45,90;44,80;44,80;45,18;210640;9515748;342;
2013-07-18;45,60;45,90;45,60;45,90;45,00;45,90;45,57;180904;8242991,5;287;
2013-07-17;45,10;45,40;44,20;45,50;43,80;45,40;44,83;374464;16786625,02;643;
2013-07-16;43,90;44,20;43,00;44,40;42,80;44,20;43,80;464818;20358728,2;768;
2013-07-15;43,20;43,30;43,00;43,70;42,70;43,30;43,16;223838;9660171,2;333;
2013-07-12;42,80;43,10;43,20;43,20;42,40;43,00;42,81;286395;12259379,6;546;
2013-07-11;42,80;42,90;43,80;44,00;42,40;42,80;43,20;509485;22007710,7;704;
2013-07-10;43,70;43,80;44,40;44,60;43,50;43,80;43,80;235348;10308358,3;384;
2013-07-09;44,00;44,20;42,80;44,20;42,80;44,00;43,26;336336;14548406,8;539;
2013-07-08;43,00;43,20;44,60;44,90;42,90;43,00;43,60;724895;31603436,8;1309;
2013-07-05;44,20;44,50;45,00;45,40;44,20;44,20;44,87;548958;24630639,6;756;
2013-07-04;45,10;45,20;46,00;46,00;43,50;45,10;44,86;1160807;52075767;1823;
2013-07-03;46,10;46,30;52,50;53,00;45,10;46,10;48,56;4665247;226530013,05;6766;
2013-07-02;44,80;44,90;46,60;46,80;44,60;44,90;45,42;354194;16087004,3;515;
2013-07-01;46,10;46,30;45,60;46,90;45,60;46,30;46,20;171985;7945141,2;393;
2013-06-28;45,00;45,50;47,00;47,10;45,00;45,00;45,88;291400;13369789;583;
2013-06-27;46,50;46,60;46,60;47,60;46,00;46,50;46,79;319156;14933850,7;525;
2013-06-26;46,60;46,70;46,90;47,40;46,20;46,60;46,73;319841;14946136,9;626;
2013-06-25;46,70;47,00;45,90;47,40;45,90;47,00;46,63;297869;13890808,6;483;
2013-06-24;45,50;45,70;45,20;46,40;45,00;45,70;45,52;577781;26302604,9;938;
2013-06-20;47,80;48,00;48,30;48,80;47,30;47,80;48,09;259463;12478361,4;563;
2013-06-19;48,50;48,70;49,20;49,20;48,50;48,50;48,95;324151;15867507,6;649;
2013-06-18;49,70;50,00;49,90;50,50;48,70;49,70;49,71;624849;31059617,45;1114;
2013-06-17;49,90;50,00;48,60;49,90;48,30;49,90;48,72;540627;26336638;769;
2013-06-14;49,00;49,10;48,00;49,40;48,00;49,00;48,89;462356;22604152,3;621;
2013-06-13;47,60;48,00;47,60;48,00;46,50;48,00;47,17;368423;17377053,1;574;
2013-06-12;48,10;48,20;49,60;50,00;48,10;48,10;48,83;892587;43581578,2;957;
2013-06-11;48,30;48,40;47,90;48,30;46,80;48,30;47,76;395719;18898687,5;561;
2013-06-10;47,30;47,40;47,20;48,20;46,60;47,30;47,47;599460;28456195,3;894;
2013-06-07;45,80;45,90;47,80;47,80;45,70;45,80;46,77;649361;30363432,3;917;
2013-06-05;48,10;48,20;49,00;49,00;46,70;48,20;47,72;752819;35927754,9;995;
2013-06-04;48,80;49,00;49,00;49,50;48,70;49,00;48,93;378470;18520233;655;
2013-06-03;48,60;48,70;48,00;50,00;48,00;48,60;49,11;1359568;66772789,7;1774;
2013-05-31;47,60;47,70;46,30;47,80;45,50;47,70;46,72;1019207;47618560,3;1404;
2013-05-30;45,60;45,70;45,80;46,50;45,30;45,60;45,89;604528;27741346,3;774;
2013-05-29;45,90;46,00;43,90;46,60;43,70;45,90;45,26;1389352;62885223,6;1467;
2013-05-28;43,30;43,50;43,00;43,40;42,50;43,30;43,08;354857;15288687;483;
2013-05-27;43,00;43,10;42,20;43,50;42,20;43,10;42,89;216475;9284859;301;
2013-05-24;43,00;43,10;43,00;43,30;42,30;43,00;42,78;245727;10512687,5;409;
2013-05-23;42,40;42,50;42,00;42,70;41,00;42,40;41,86;615212;25755331,9;988;
2013-05-22;43,30;43,40;43,20;43,50;42,70;43,30;43,19;347061;14988767,2;521;
2013-05-21;43,10;43,20;44,20;44,20;42,70;43,20;43,22;444403;19205960,7;712;
2013-05-20;43,50;43,70;44,00;44,40;43,50;43,70;43,79;274388;12014943,3;392;
2013-05-17;44,00;44,10;43,10;44,00;43,00;44,00;43,55;604349;26319104,6;703;
2013-05-16;43,00;43,10;43,80;44,20;42,80;43,00;43,61;633580;27632650;854;
2013-05-15;42,50;42,60;43,40;43,50;42,50;42,50;43,04;463863;19965264,9;693;
2013-05-14;43,40;43,50;43,60;43,60;43,00;43,40;43,27;216571;9370298,7;367;
2013-05-13;43,50;43,60;43,70;43,90;43,00;43,60;43,57;460545;20065033,3;538;
2013-05-10;43,20;43,50;42,70;43,90;42,60;43,20;43,30;1323146;57290728,2;1616;
2013-05-08;42,00;42,10;41,10;43,20;41,10;42,10;42,38;1213354;51421983;1248;
2013-05-07;41,00;41,10;39,90;41,40;39,50;41,10;40,45;799747;32347406,6;1236;
2013-05-06;40,60;40,70;40,90;41,10;39,40;40,60;39,98;626040;25027333,6;532;
2013-05-03;40,70;40,90;39,70;41,00;39,20;40,90;40,15;940930;37781642,4;1008;
2013-05-02;39,60;39,80;39,60;39,90;38,50;39,80;39,35;2244467;88326134;2834;
2013-04-30;38,50;38,80;38,30;39,20;38,30;38,50;38,65;296555;11461100;491;
2013-04-29;38,80;38,90;39,50;39,60;38,60;38,80;39,09;343444;13426927,7;610;
2013-04-26;39,40;39,50;40,00;40,00;39,10;39,40;39,64;559853;22194757,1;783;
2013-04-25;39,60;39,70;39,30;40,00;38,90;39,70;39,37;1098704;43250869;1518;
2013-04-24;38,50;38,70;38,50;39,50;38,20;38,50;38,83;931393;36162709,2;1254;
2013-04-23;37,90;38,00;36,70;38,20;36,70;37,90;37,49;1295353;48564294,3;1548;
2013-04-22;36,20;36,40;37,90;38,50;36,10;36,30;37,14;870275;32318017;1145;
2013-04-19;37,00;37,10;36,30;37,50;36,30;37,00;36,82;961837;35417035,6;927;
2013-04-18;36,40;36,50;36,30;36,90;35,90;36,50;36,41;1503255;54731600,9;1549;
2013-04-17;35,60;35,70;37,40;38,20;34,90;35,70;36,22;3072575;111287764,4;3574;
2013-04-16;37,70;37,80;38,70;39,40;37,50;37,70;38,43;4892713;188044099,9;5131;
2013-04-15;40,40;40,50;42,60;44,00;40,20;40,40;41,84;2750999;115099017,9;3570;
2013-04-12;43,70;43,90;45,00;45,00;43,70;43,70;44,29;589396;26102041,8;666;
2013-04-11;45,20;45,40;44,70;45,40;44,10;45,40;44,74;427537;19126313,5;578;
2013-04-10;44,80;44,90;45,50;46,00;44,60;44,90;45,31;439480;19912946,7;659;
2013-04-09;44,80;45,20;45,00;45,50;44,00;44,80;44,85;416255;18667962,4;517;
2013-04-08;45,00;45,30;43,20;45,30;42,90;45,20;44,25;723143;31996580,6;1288;
2013-04-05;43,20;43,40;44,90;45,20;43,10;43,20;44,11;830923;36653311,2;1488;
2013-04-04;43,20;43,30;44,30;44,60;42,70;43,20;43,46;673668;29280043,4;1046;
2013-04-03;44,80;44,90;45,30;45,30;44,50;44,80;44,81;333783;14957429,3;715;
2013-04-02;45,20;45,30;46,00;46,20;44,50;45,20;45,20;688447;31115819;1287;
2013-03-28;45,80;46,00;46,00;46,80;45,60;45,80;46,26;323380;14959570;442;
2013-03-27;45,50;45,60;44,70;46,00;44,10;45,60;45,12;1070652;48307948,5;1560;
2013-03-26;45,40;45,60;47,90;48,00;44,70;45,50;45,85;1673721;76735876;2212;
2013-03-25;46,90;47,00;42,00;47,30;41,40;46,90;45,18;3393347;153308571,4;4114;
2013-03-22;41,40;41,50;41,60;41,70;40,70;41,40;41,27;694142;28644703;782;
2013-03-21;41,70;41,80;42,40;42,50;41,20;41,70;41,88;504968;21148379,4;600;
2013-03-20;42,20;42,40;41,70;42,70;41,70;42,40;42,30;449090;18998491,9;858;
2013-03-19;41,40;41,50;42,60;42,70;41,30;41,50;41,98;740430;31085143,9;1351;
2013-03-18;42,70;42,90;43,10;43,10;42,50;42,70;42,79;426923;18268351,2;572;
2013-03-15;43,60;43,70;43,90;44,20;43,40;43,70;43,79;318831;13962572,1;588;
2013-03-14;44,20;44,40;45,20;45,30;43,60;44,40;44,48;682678;30363133,4;969;
2013-03-13;45,00;45,20;44,60;45,40;44,20;45,20;44,76;413463;18505904,4;525;
2013-03-12;44,60;44,80;44,80;45,20;43,80;44,80;44,63;463345;20680971,4;706;
2013-03-11;44,80;44,90;45,20;45,50;44,70;44,80;44,95;452550;20340558,2;844;
2013-03-08;44,70;44,80;46,10;46,10;44,50;44,80;45,27;830251;37583035,3;1166;
2013-03-07;44,40;44,90;44,00;45,30;43,90;44,90;44,38;680012;30175900,6;1093;
2013-03-06;44,40;44,50;46,50;46,70;43,80;44,40;45,16;1551902;70078112,7;2347;
2013-03-05;46,40;46,50;41,50;46,80;41,30;46,50;43,80;1624730;71162655,9;2348;
2013-03-04;41,70;41,90;42,80;43,00;41,50;41,70;42,43;1225903;52019576,2;1323;
2013-03-01;43,80;43,90;42,60;44,00;42,10;43,80;43,17;2207419;95291047,7;2257;
2013-02-28;45,00;45,10;46,10;46,30;44,40;45,00;45,10;693057;31258361;858;
2013-02-27;44,80;45,00;44,10;45,40;44,00;45,00;44,61;1053058;46977440,8;1462;
2013-02-26;45,40;45,60;45,40;46,80;45,20;45,60;45,87;893086;40963286,6;1083;
2013-02-25;47,40;47,50;48,30;48,30;46,30;47,40;47,30;752681;35599226,4;1106;
2013-02-22;47,80;47,90;47,60;48,10;47,00;47,80;47,62;721446;34356246,1;1079;
2013-02-21;47,00;47,10;47,00;48,20;44,10;47,00;46,11;2730971;125919066,6;3193;
2013-02-20;46,60;46,80;48,40;48,40;45,60;46,80;47,07;1575015;74135678,6;2242;
2013-02-19;48,50;48,60;50,50;50,50;47,70;48,60;48,78;1510587;73688548,1;1624;
2013-02-18;50,25;50,50;51,50;51,75;49,90;50,50;50,64;803913;40708725,7;816;
2013-02-15;50,00;50,25;51,50;51,50;49,60;50,00;50,19;793381;39818864,6;1118;
2013-02-14;51,25;51,50;52,00;52,00;50,50;51,25;51,35;857123;44016701,25;1013;
2013-02-13;52,00;52,25;51,25;53,00;51,00;52,25;52,13;2887196;150520541;2500;
2013-02-12;49,60;49,70;49,20;51,50;46,20;49,70;49,03;1945975;95407937,3;2466;
2013-02-11;49,30;49,60;49,80;49,80;49,00;49,60;49,32;485349;23939058,4;822;
2013-02-08;49,40;49,50;49,50;50,25;49,20;49,50;49,63;229949;11412716,2;650;
2013-02-07;49,40;49,50;49,50;49,90;49,00;49,50;49,50;366434;18137695,1;702;
2013-02-06;49,30;49,60;50,50;50,75;49,30;49,40;49,82;1041094;51871107,8;1907;
2013-02-05;50,50;50,75;50,50;51,00;50,00;50,75;50,56;537995;27203135,5;697;
2013-02-04;50,00;50,25;52,50;53,25;48,60;50,00;50,91;2124648;108158265,7;3020;
2013-02-01;51,75;52,00;51,75;52,50;51,25;51,75;51,82;807987;41872886,75;1140;
2013-01-31;51,75;52,00;52,75;52,75;51,50;51,75;51,89;752276;39032380,75;1047;
2013-01-30;52,75;53,00;53,50;53,75;52,50;52,75;53,06;1331597;70656638,75;2098;
2013-01-29;52,25;52,50;51,25;53,50;51,00;52,25;52,18;2691912;140474656;3401;
2013-01-28;50,00;50,25;50,50;51,00;49,50;50,25;50,16;829168;41587024;1218;
2013-01-25;50,25;50,50;50,25;50,50;49,40;50,25;50,06;1067320;53429885;1338;
2013-01-24;50,00;50,25;49,90;50,75;49,40;50,00;50,20;2140748;107459040,4;2368;
2013-01-23;49,20;49,30;49,80;50,50;49,00;49,20;49,65;2867173;142354781,75;4036;
2013-01-22;48,20;48,40;47,40;48,70;47,30;48,20;47,99;721905;34642436,1;1077;
2013-01-21;47,20;47,30;47,30;47,40;47,00;47,20;47,20;427637;20186428,4;640;
2013-01-18;46,90;47,00;46,70;47,30;46,60;47,00;47,00;826863;38859315,4;802;
2013-01-17;46,30;46,50;46,40;46,80;46,30;46,50;46,52;538281;25043070,4;739;
2013-01-16;46,10;46,20;46,00;46,60;45,50;46,20;46,01;533904;24565826,2;992;
2013-01-15;45,60;45,70;46,50;46,60;45,50;45,60;46,07;403976;18610586,6;701;
2013-01-14;46,40;46,50;46,40;47,70;46,10;46,40;46,80;1352303;63282062,3;2151;
2013-01-11;45,70;45,80;46,60;46,70;44,50;45,80;45,58;1892051;86231422,5;2881;
2013-01-10;47,20;47,30;47,20;48,20;46,80;47,20;47,50;2245735;106685565,3;2915;
2013-01-09;46,10;46,20;46,00;46,50;45,80;46,10;46,08;517680;23855837,2;1101;
2013-01-08;45,70;45,80;44,00;45,90;43,90;45,80;45,25;953206;43132523,9;1517;
2013-01-07;44,80;45,00;45,60;45,70;44,40;44,80;45,15;1311681;59218189,4;2300;
2013-01-04;46,00;46,10;46,30;46,90;45,60;46,10;46,33;823286;38157008,7;1001;
2013-01-03;46,70;46,80;48,20;48,20;46,40;46,70;47,00;1678422;78887931,3;2064;
2013-01-02;48,40;48,50;46,40;48,70;46,40;48,40;47,89;1340372;64186585,9;1675;
2012-12-28;45,60;45,70;46,30;46,90;45,20;45,70;46,19;2999440;138537341,1;1240;
2012-12-27;45,80;45,90;45,60;47,20;45,10;45,90;45,98;892566;41042510,1;1254;
2012-12-21;45,00;45,20;45,40;45,60;43,90;45,20;44,89;980673;44020845,2;1438;
2012-12-20;44,90;45,00;44,50;45,90;44,40;44,90;45,31;1099149;49800998,6;1169;
2012-12-19;44,20;44,30;43,20;44,70;43,10;44,30;43,99;1005656;44235159,7;1344;
2012-12-18;43,90;44,00;46,00;46,00;43,30;44,00;44,21;2177420;96273273,9;2564;
2012-12-17;46,10;46,20;45,30;46,70;45,20;46,10;45,90;2355298;108109871,4;3095;
2012-12-14;43,70;43,80;42,80;44,60;42,70;43,70;43,71;3686196;161117647;4392;
2012-12-13;41,70;41,90;46,00;46,00;41,10;41,90;43,27;6559627;283824666,7;7511;
2012-12-12;46,30;46,40;47,40;48,10;46,30;46,30;47,21;2890726;136478246,9;3896;
2012-12-11;47,80;47,90;51,25;51,25;46,40;47,80;48,24;7885855;382022133,6;8861;
2012-12-10;51,00;51,25;51,25;51,25;50,00;51,25;50,78;1672421;84917649,5;1567;
2012-12-07;51,25;51,50;52,00;52,25;51,00;51,25;51,49;1957133;101265114,75;1037;
2012-12-06;51,75;52,25;51,25;52,25;50,75;52,25;51,47;1201777;61860846,5;1114;
2012-12-05;51,25;51,50;51,75;52,50;51,25;51,50;51,99;1690673;87898303;1253;
2012-12-04;50,75;51,00;50,75;52,50;49,70;50,75;51,38;2228194;114493861,5;2121;
2012-12-03;51,00;51,25;52,75;53,00;50,50;51,00;51,54;3232731;166628234,5;3146;
2012-11-30;54,00;54,25;54,25;54,50;52,75;54,00;53,62;1174837;62996715,5;1258;
2012-11-29;54,00;54,25;54,25;55,75;53,25;54,00;54,27;2515849;136533734,5;2790;
2012-11-28;55,50;55,75;53,00;57,50;52,75;55,50;55,07;5576839;307121937;5965;
2012-11-27;56,25;56,50;57,50;60,00;55,25;56,25;58,27;3221258;187701372;3810;
2012-11-26;56,00;56,25;65,00;65,75;55,50;56,25;60,11;9311430;559685685;10866;
2012-11-23;70,75;71,00;70,75;71,00;69,50;71,00;70,40;649427;45719024,75;829;
2012-11-22;70,00;70,25;70,00;70,50;69,25;70,25;69,99;533578;37347291,75;782;
2012-11-21;69,25;69,75;71,25;71,25;69,00;69,25;69,89;868417;60693751,25;1095;
2012-11-20;71,00;71,25;70,00;71,25;69,75;71,25;70,51;893164;62974187;1137;
2012-11-19;69,75;70,00;69,50;70,50;69,25;70,00;69,85;481505;33634852,25;624;
2012-11-16;69,25;69,50;70,25;71,50;69,25;69,25;70,03;765366;53600514,5;847;
2012-11-15;70,00;70,25;68,00;70,25;66,75;70,25;68,85;1156185;79604939;1187;
2012-11-14;68,00;68,25;70,75;70,75;68,00;68,25;69,16;2044914;141428644,75;2122;
2012-11-13;71,50;71,75;72,25;74,25;71,25;71,50;72,84;1763214;128439977,75;1722;
2012-11-12;71,25;71,50;70,50;72,50;69,25;71,50;70,94;1600406;113534611,75;1763;
2012-11-09;69,75;70,00;68,75;70,50;68,75;70,00;69,49;846773;58840601,5;983;
2012-11-08;69,25;69,50;69,00;70,00;68,75;69,50;69,52;630651;43840046,75;628;
2012-11-07;68,50;68,75;70,00;71,00;68,25;68,50;69,61;921458;64144124,75;1126;
2012-11-06;68,75;69,00;68,75;69,50;67,75;69,00;68,70;737985;50698750;880;
2012-11-05;68,75;69,00;69,75;71,00;68,75;68,75;69,78;1219346;85084198,25;1344;
2012-11-02;69,50;69,75;69,50;70,00;69,00;69,75;69,56;396544;27583132,25;566;
2012-11-01;69,00;69,25;68,00;69,25;66,50;69,25;68,01;1640843;111594579;2530;
2012-10-31;66,00;66,25;71,25;71,25;65,75;66,25;68,82;6937192;477432919;8587;
2012-10-30;62,75;63,00;62,75;64,00;62,75;62,75;63,32;382138;24197754;493;
2012-10-29;62,75;63,00;64,25;64,75;62,75;62,75;63,56;432454;27485988,5;643;
2012-10-26;64,25;65,00;66,50;66,50;64,25;64,25;64,97;456556;29664709,25;661;
2012-10-25;65,75;66,00;64,50;66,25;64,00;66,00;65,16;687155;44772449,25;1021;
2012-10-24;64,25;64,50;65,00;65,50;63,75;64,25;64,58;611098;39463867,625;743;
2012-10-23;64,75;65,00;66,25;67,00;56,50;65,00;63,77;2961505;188843788,25;2440;
2012-10-22;66,00;66,25;66,50;67,75;65,50;66,25;66,26;568041;37640711,5;884;
2012-10-19;66,50;67,25;67,75;68,25;65,75;66,50;67,07;753908;50563265,75;929;
2012-10-18;67,25;67,50;69,00;69,00;67,25;67,25;67,92;739413;50218464,5;933;
2012-10-17;68,75;69,00;69,25;69,50;68,00;69,00;68,90;999332;68856203,5;1271;
2012-10-16;68,00;68,25;68,25;68,75;67,25;68,25;68,05;1324750;90153706,25;1633;
2012-10-15;67,00;67,25;68,50;69,25;67,00;67,00;68,05;650003;44235267;765;
2012-10-12;68,00;68,25;69,25;69,50;68,00;68,00;68,57;727080;49852401;668;
2012-10-11;69,50;69,75;68,00;70,00;67,75;69,50;68,76;1086420;74697795,25;1004;
2012-10-10;69,25;69,50;72,50;72,50;69,25;69,25;70,99;1642763;116621314;1641;
2012-10-09;72,25;72,50;73,00;73,50;71,25;72,50;72,61;1903973;138248720,75;1736;
2012-10-08;72,00;72,25;71,00;73,00;70,50;72,00;71,73;2827990;202845452,25;2409;
2012-10-05;69,00;69,25;68,25;69,50;68,25;69,00;68,96;1794424;123744343;1399;
2012-10-04;68,00;68,25;67,75;69,50;67,75;68,00;68,47;1746146;119551440,75;1472;
2012-10-03;68,25;68,50;67,50;68,75;66,25;68,50;67,40;1513315;101992244,5;1476;
2012-10-02;68,00;68,25;64,25;69,25;64,00;68,00;67,33;3017056;203138164;2491;
2012-10-01;64,25;64,50;65,00;65,25;63,25;64,25;64,35;1656409;106584740,25;1566;
2012-09-28;64,75;65,00;64,50;65,25;63,75;65,00;64,53;2138743;138003742,5;1314;
2012-09-27;63,00;63,50;64,00;65,25;63,25;63,25;64,02;1711731;109590992,75;1391;
2012-09-26;64,00;64,50;62,50;65,00;61,75;64,50;63,14;2105121;132917969;1671;
2012-09-25;63,25;63,50;64,00;64,75;63,25;63,50;64,00;770640;49320127,75;798;
2012-09-24;64,25;64,50;66,25;66,25;64,25;64,25;64,90;658831;42760504;846;
2012-09-21;66,25;66,50;66,75;67,75;65,75;66,50;66,71;735172;49042628,5;916;
2012-09-20;66,50;66,75;67,50;68,75;65,75;66,50;67,61;1997514;135057653,5;1582;
2012-09-19;66,75;67,00;64,50;69,00;64,25;66,75;66,81;4926532;329130419;3818;
2012-09-18;64,25;64,50;63,50;64,75;61,50;64,25;62,84;2234836;140438033,5;2123;
2012-09-17;64,25;64,50;67,00;67,25;63,25;64,50;64,85;3497803;226827811,25;2782;
2012-09-14;68,25;68,50;71,25;71,50;67,50;68,50;69,25;3556497;246278243,25;2997;
2012-09-13;70,75;71,00;69,25;71,50;69,25;71,00;70,40;3452089;243019671,5;3001;
2012-09-12;68,50;68,75;68,25;69,25;68,00;68,75;68,76;1537250;105702913,5;1335;
2012-09-11;68,25;68,50;67,75;69,75;67,25;68,25;68,42;2459332;168259128,5;2114;
2012-09-10;68,25;68,50;65,50;70,00;65,50;68,25;67,92;3215364;218390391,75;2999;
2012-09-07;66,00;66,50;65,00;66,50;64,75;66,50;65,68;2243693;147359066,75;2047;
2012-09-06;64,75;65,00;63,75;65,50;63,50;64,75;64,58;3262351;210670739;2678;
2012-09-05;62,50;62,75;60,50;62,50;60,00;62,50;61,39;2523532;154909426;2060;
2012-09-04;59,75;60,00;60,75;61,00;58,00;59,75;59,71;2688951;160549998,25;1693;
2012-09-03;60,50;61,00;59,00;61,00;58,75;61,00;60,19;982361;59128435,75;625;
2012-08-31;59,50;59,75;57,50;59,75;57,25;59,75;58,09;1253110;72795807,75;796;
2012-08-30;57,75;58,00;59,00;59,50;57,25;57,75;58,38;1367539;79835650,5;1041;
2012-08-29;59,25;59,50;60,50;60,50;59,25;59,25;59,81;1088422;65098907,75;971;
2012-08-28;60,25;60,50;59,75;61,50;59,50;60,50;60,59;2043218;123792124,75;2002;
2012-08-27;59,25;59,50;56,50;59,50;55,00;59,25;57,35;2749002;157657896;2515;
2012-08-24;59,75;60,00;60,75;61,00;58,50;60,00;59,83;1958213;117164376,75;1746;
2012-08-23;60,75;61,00;62,25;62,25;60,25;60,75;61,21;2830776;173275445,75;2202;
2012-08-22;62,75;63,00;67,25;68,00;61,25;62,75;64,58;5263395;339932763,75;5892;
2012-08-21;60,75;61,00;60,25;61,50;54,00;61,00;59,16;2630068;155582277,5;2891;
2012-08-20;60,25;60,50;61,25;61,50;59,50;60,50;60,52;647799;39203375,75;887;
2012-08-17;60,50;60,75;61,00;61,75;60,25;60,50;60,88;981894;59782332,75;1358;
2012-08-16;61,50;61,75;59,25;62,00;59,00;61,75;60,34;2000265;120691731,25;2548;
2012-08-15;57,75;58,00;55,25;58,50;54,25;58,00;56,91;1724310;98129131,5;2073;
2012-08-14;55,50;56,00;56,50;57,00;55,50;55,50;56,34;603264;33986976,75;664;
2012-08-13;55,75;56,00;54,75;56,75;54,25;55,75;55,69;1045330;58216666,75;887;
2012-08-10;55,00;55,50;54,00;55,50;53,50;55,50;54,37;988547;53748491,75;970;
2012-08-09;52,00;52,50;51,75;52,75;51,50;52,50;52,16;486546;25378006;617;
2012-08-08;51,50;52,00;51,50;52,00;51,25;51,50;51,66;257918;13323144,75;266;
2012-08-07;51,25;51,50;52,25;52,50;51,25;51,50;51,91;774120;40185370,5;598;
2012-08-06;52,00;52,50;51,75;52,50;51,25;52,50;51,73;599973;31036697,5;525;
2012-08-03;51,00;51,25;51,50;52,75;51,25;51,25;51,95;408111;21199385,5;616;
2012-08-02;52,25;52,50;52,50;52,75;51,25;52,25;52,19;665947;34753626,5;582;
2012-08-01;51,50;51,75;51,75;52,50;51,25;51,50;51,81;551381;28569611,75;510;
2012-07-31;51,50;51,75;50,00;51,75;49,70;51,50;50,94;748523;38126846,25;702;
2012-07-30;49,90;50,00;52,00;52,25;49,30;49,90;50,35;1907974;96070346,2;2354;
2012-07-27;52,50;52,75;52,75;54,00;52,50;52,50;53,05;1135958;60266282,5;950;
2012-07-26;54,25;54,50;55,25;55,50;54,50;54,50;54,86;569346;31233485,25;435;
2012-07-25;55,00;55,25;54,75;55,25;54,25;55,25;54,93;539418;29630068,5;577;
2012-07-24;55,00;55,25;55,25;55,50;54,50;55,00;55,05;543698;29931849,75;529;
2012-07-23;55,75;56,00;52,00;56,50;51,50;55,75;55,12;2728333;150393888,5;2725;
2012-07-20;59,00;59,25;59,25;59,50;58,50;59,25;59,11;351605;20782514,25;362;
2012-07-19;59,25;59,50;59,75;59,75;58,50;59,25;59,12;724649;42842971,75;713;
2012-07-18;59,00;59,25;58,00;60,50;56,75;59,25;58,40;1135084;66288742,75;1163;
2012-07-17;58,00;58,25;59,50;59,75;58,00;58,00;58,89;778325;45838393,75;988;
2012-07-16;59,00;59,25;59,00;59,50;58,00;59,25;58,64;621076;36421443,75;1077;
2012-07-13;57,25;57,50;56,25;58,00;56,25;57,25;57,17;711622;40684806,75;1064;
2012-07-12;55,75;56,00;60,00;60,00;55,75;55,75;58,15;821851;47793144,25;1063;
2012-07-11;59,50;59,75;59,25;60,50;58,75;59,75;59,71;808146;48254140,25;1217;
2012-07-10;58,75;59,00;56,50;60,00;56,00;59,00;58,05;1725430;100154118;1853;
2012-07-09;56,50;57,00;53,50;57,00;53,50;57,00;55,49;1540108;85467819,75;1757;
2012-07-06;53,50;53,75;56,00;56,25;51,75;53,50;54,06;3030294;163807839;3298;
2012-07-05;57,75;58,00;60,75;61,75;56,25;57,75;58,67;3554417;208543257,75;4064;
2012-07-04;59,75;60,00;67,50;69,00;58,75;60,00;62,98;6003367;378115310;7587;
2012-07-03;59,00;59,25;54,00;59,25;54,00;59,25;55,96;1712341;95819714,25;1377;
2012-07-02;53,50;54,00;52,25;54,75;51,75;54,00;53,44;930721;49737982,5;973;
2012-06-29;52,50;52,75;50,25;53,75;50,25;52,50;52,41;2495202;130783260,5;2817;
2012-06-28;54,75;55,00;54,00;55,75;53,25;55,00;54,81;1523615;83503220,75;1412;
2012-06-27;52,75;53,00;53,25;56,25;52,50;53,00;54,10;1694150;91647613,5;1775;
2012-06-26;52,50;52,75;52,50;55,25;47,30;52,50;51,70;4492698;232258984,55;5433;
2012-06-25;55,75;56,00;57,75;58,00;55,00;55,75;56,29;916561;51596667;1267;
2012-06-21;59,00;59,25;59,25;60,00;57,75;59,00;58,91;833595;49106163,75;1328;
2012-06-20;58,00;59,00;63,25;63,50;54,50;58,00;59,77;2173488;129902998;2578;
2012-06-19;62,50;62,75;62,25;65,00;61,25;62,75;63,48;1761957;111845107,25;2223;
2012-06-18;61,25;61,50;62,75;64,50;60,25;61,50;62,48;1102873;68902156,5;1242;
2012-06-15;60,50;61,00;64,50;64,75;60,00;60,50;63,32;1274945;80730314;1546;
2012-06-14;64,75;65,00;57,00;67,00;57,00;65,00;60,80;4278071;260090960,75;4682;
2012-06-13;61,00;61,50;67,25;67,50;57,00;61,00;62,84;3313776;208226197,75;3675;
2012-06-12;67,50;67,75;68,00;68,75;66,25;67,50;67,59;1245649;84199572;1356;
2012-06-11;69,50;70,00;70,00;70,50;69,25;70,00;69,82;925961;64651055,75;933;
2012-06-08;68,75;69,00;68,25;69,25;67,25;69,00;68,64;631591;43350432,25;823;
2012-06-07;69,00;69,25;70,00;70,75;68,50;69,00;69,66;2191488;152654232,75;1941;
2012-06-05;69,25;69,50;68,00;70,75;67,50;69,50;68,98;1807308;124664920,75;2111;
2012-06-04;65,25;65,50;67,50;67,50;62,75;65,25;65,34;2768889;180920412;3829;
2012-06-01;69,25;69,50;74,00;74,00;69,00;69,50;71,21;2711673;193093636;2783;
2012-05-31;72,00;72,25;72,00;73,00;68,50;72,25;70,82;2719449;192580827,75;3084;
2012-05-30;73,00;73,50;73,00;75,50;71,00;73,50;73,54;3236421;238017808,5;4017;
2012-05-29;75,75;76,00;76,00;80,25;73,75;76,00;77,04;5219956;402148550,5;6750;
2012-05-28;74,50;74,75;68,75;76,00;66,25;74,50;71,32;5192222;370332477,5;6543;
2012-05-25;68,00;68,25;60,00;68,25;57,75;68,25;62,34;5596443;348856225,25;5646;
2012-05-24;56,25;56,50;56,75;56,75;54,75;56,50;55,75;1726830;96266528;1534;
2012-05-23;53,25;53,50;53,25;54,25;52,75;53,25;53,54;1201408;64321656,75;1357;
2012-05-22;55,00;55,25;53,50;56,50;53,25;55,25;55,03;4145493;228136948,25;3863;
2012-05-21;52,75;53,00;48,80;53,25;48,30;52,75;51,42;2476969;127363646,3;2728;
2012-05-18;47,60;47,70;47,10;47,80;43,70;47,70;46,00;5193057;238887042,2;6325;
2012-05-16;53,00;53,25;54,75;55,25;51,00;53,00;53,07;1763587;93590359,25;2157;
2012-05-15;56,25;56,50;59,50;59,50;56,00;56,25;57,13;2629380;150211723,5;3375;
2012-05-14;58,75;59,00;60,50;61,00;56,75;59,00;59,23;4866335;288251786,5;5513;
2012-05-11;56,00;56,25;56,50;57,25;55,00;56,25;56,01;1973204;110522282,25;2346;
2012-05-10;56,25;56,50;55,00;57,25;53,25;56,50;55,55;2352624;130696823,5;2734;
2012-05-09;54,00;54,25;49,20;55,00;48,80;54,25;51,11;4441728;226995849,85;5034;
2012-05-08;50,50;50,75;57,50;58,00;49,00;50,50;54,73;6797948;372063137,3;9630;
2012-05-07;52,00;52,25;38,30;65,50;37,00;52,25;52,61;11674519;614244341,95;15385;
2012-05-04;39,00;39,40;41,80;43,20;39,00;39,00;41,06;3947214;162059121,7;4683;
2012-05-03;42,20;42,30;43,30;44,90;40,20;42,20;43,19;4383696;189333489,7;5693;
2012-05-02;40,60;40,70;37,60;40,70;37,00;40,70;39,17;2898074;113503636,7;2961;
2012-04-30;38,20;38,40;38,20;39,30;36,80;38,20;38,14;1164501;44414500,3;1181;
2012-04-27;39,00;39,10;38,70;39,70;38,30;39,00;39,12;1343029;52537819,3;1482;
2012-04-26;38,60;38,70;37,80;39,00;37,40;38,70;38,25;1447301;55355212,9;1690;
2012-04-25;37,60;37,70;37,00;37,80;36,50;37,70;37,28;1483875;55318514,2;1719;
2012-04-24;36,60;36,70;35,50;37,50;35,00;36,70;36,10;1845588;66621681,3;1987;
2012-04-23;34,20;34,30;37,70;37,70;33,70;34,20;35,73;2969795;106108234,1;2917;
2012-04-20;36,00;36,10;34,40;39,90;33,70;36,00;37,27;8844236;329579390,1;9808;
2012-04-19;36,70;36,80;34,50;39,40;34,50;36,80;37,11;7713692;286226309,2;8510;
2012-04-18;33,00;33,10;30,60;33,70;30,50;33,10;32,24;4073349;131315180;4148;
2012-04-17;29,50;29,60;27,80;30,10;27,50;29,60;29,13;2198989;64056897;2026;
2012-04-16;28,90;29,00;28,30;29,60;27,60;29,00;28,60;3592520;102744637,2;2723;
2012-04-13;26,50;26,60;26,90;27,40;26,00;26,50;26,71;1965688;52493942,8;1465;
2012-04-12;26,50;26,60;24,00;26,50;23,60;26,50;24,71;2423046;59866576,1;1690;
2012-04-11;23,00;23,10;24,00;24,60;22,80;23,10;23,68;1553041;36776431,5;1264;
2012-04-10;24,40;24,50;25,50;25,50;24,20;24,40;24,79;1556450;38579853,5;1320;
2012-04-05;24,60;24,70;24,40;25,00;24,20;24,70;24,58;581272;14285103,5;548;
2012-04-04;23,90;24,10;25,40;25,40;23,20;24,00;24,32;2086237;50736314,1;2041;
2012-04-03;25,90;26,00;26,70;26,90;25,40;25,90;26,15;1804097;47184051,8;1609;
2012-04-02;27,00;27,10;27,70;28,80;26,60;27,00;27,80;4575595;127191277,4;3727;
2012-03-30;24,80;24,90;24,40;25,00;24,10;24,80;24,61;1598770;39342959,8;1208;
2012-03-29;23,30;23,40;23,50;24,10;22,70;23,40;23,28;1401032;32615456,1;1221;
2012-03-28;24,10;24,30;24,00;24,30;23,30;24,20;23,89;2820037;67358758;2169;
2012-03-27;24,00;24,10;23,00;25,70;23,00;24,10;24,31;6648455;161610815,3;5318;
2012-03-26;22,00;22,10;16,40;26,50;16,00;22,00;23,73;10441418;247752271,7;7960;
2012-03-23;15,70;15,80;15,20;16,60;15,20;15,70;15,83;1199686;18995587;735;
2012-03-22;15,00;15,10;16,60;16,60;14,90;15,10;15,57;1112309;17319602,55;773;
2012-03-21;16,40;16,50;17,00;17,00;16,00;16,50;16,47;830974;13685543,8;576;
2012-03-20;16,90;17,00;17,00;17,30;16,30;17,00;16,90;1651754;27919297;925;
2012-03-19;17,20;17,30;16,30;17,60;15,90;17,20;16,61;1463037;24298033;853;
2012-03-16;16,20;16,30;15,90;16,40;15,90;16,30;16,20;753388;12205979,7;566;
2012-03-15;15,50;15,60;15,30;15,70;15,20;15,60;15,50;813324;12609278,4;477;
2012-03-14;15,30;15,40;15,40;15,60;15,20;15,40;15,46;1503177;23234299,5;688;
2012-03-13;15,10;15,20;15,10;15,30;14,90;15,20;15,05;906171;13636720,85;589;
2012-03-12;15,20;15,30;14,95;15,60;14,80;15,30;15,27;1320836;20173583,65;793;
2012-03-09;14,95;15,00;14,55;15,20;14,25;15,00;14,76;1542118;22766929,4;1038;
2012-03-08;14,35;14,40;14,80;14,80;14,05;14,40;14,41;1665145;23995974;1306;
2012-03-07;14,95;15,00;13,50;15,20;13,50;15,00;14,58;2445103;35651568,8;1811;
2012-03-06;13,50;13,55;14,20;14,45;13,20;13,50;13,82;1174764;16240891,9;787;
2012-03-05;13,85;13,90;14,30;14,70;13,60;13,85;14,04;2348608;32973279,45;1394;
2012-03-02;14,25;14,30;14,30;15,30;14,15;14,30;14,63;3935889;57575338,35;2648;
2012-03-01;12,75;12,80;12,75;12,90;12,40;12,75;12,69;388964;4934539,5;320;
2012-02-29;12,70;12,90;12,85;13,00;12,20;12,90;12,71;801079;10179304,05;569;
2012-02-28;12,95;13,00;13,40;13,55;13,00;13,00;13,20;765468;10106902,7;613;
2012-02-27;13,25;13,30;14,25;14,25;13,10;13,25;13,62;848684;11561887;705;
2012-02-24;14,40;14,45;14,65;14,65;14,20;14,40;14,43;558857;8062593,55;430;
2012-02-23;14,60;14,65;14,60;14,80;14,55;14,65;14,64;319947;4685059,65;288;
2012-02-22;14,25;14,30;14,30;14,55;14,10;14,30;14,30;521680;7462157,7;412;
2012-02-21;14,25;14,30;14,65;14,65;13,80;14,30;14,21;1276276;18131994,55;863;
2012-02-20;14,60;14,65;13,75;15,00;13,55;14,60;14,59;1250261;18241974,8;911;
2012-02-17;13,45;13,50;12,70;13,50;12,65;13,50;13,16;1075842;14157016,8;614;
2012-02-16;12,55;12,60;12,30;12,65;12,25;12,60;12,47;243175;3032864,65;184;
2012-02-15;12,25;12,30;12,30;12,45;12,05;12,30;12,27;375728;4610841,3;226;
2012-02-14;12,35;12,40;12,70;12,70;12,25;12,40;12,49;438889;5483318,4;260;
2012-02-13;12,70;12,75;12,65;12,80;12,60;12,75;12,69;318241;4039776;291;
2012-02-10;12,50;12,60;12,50;13,00;12,45;12,60;12,64;1274518;16112823,35;595;
2012-02-09;12,35;12,40;11,95;12,45;11,75;12,40;12,15;762804;9270976,1;373;
2012-02-08;11,80;11,85;11,75;11,90;11,70;11,85;11,80;261608;3086120,1;156;
2012-02-07;11,70;11,75;11,80;11,85;11,60;11,75;11,70;223704;2617589,8;180;
2012-02-06;11,70;11,80;11,65;11,80;11,65;11,80;11,74;277791;3260297,75;167;
2012-02-03;11,60;11,65;11,75;11,75;11,40;11,65;11,57;301052;3482682,05;214;
2012-02-02;11,65;11,70;11,65;11,85;11,40;11,65;11,58;324973;3764407,2;250;
2012-02-01;11,65;11,70;11,50;11,75;11,40;11,65;11,62;253813;2949198,8;189;
2012-01-31;11,40;11,50;11,40;11,50;11,30;11,50;11,41;154745;1765396,8;129;
2012-01-30;11,40;11,50;11,70;11,70;11,35;11,40;11,51;421558;4851828,75;293;
2012-01-27;11,75;11,85;11,85;11,90;11,75;11,85;11,83;326969;3869407,9;189;
2012-01-26;11,80;11,85;11,90;12,00;11,70;11,85;11,82;549080;6488066,2;279;
2012-01-25;11,70;11,80;11,50;12,00;11,30;11,80;11,66;951882;11097366,8;611;
2012-01-24;11,40;11,45;11,60;11,60;11,30;11,45;11,42;220355;2517309,05;190;
2012-01-23;11,60;11,70;11,45;11,65;11,30;11,60;11,50;290144;3336083,25;208;
2012-01-20;11,30;11,45;11,65;11,70;11,35;11,35;11,52;480848;5538454;296;
2012-01-19;11,55;11,65;11,85;11,85;11,50;11,65;11,67;586670;6845740,65;367;
2012-01-18;11,75;11,80;12,30;12,30;11,70;11,75;11,88;902326;10716857,15;535;
2012-01-17;12,30;12,40;12,30;12,65;12,10;12,40;12,35;791375;9773071,95;580;
2012-01-16;12,15;12,20;11,95;12,20;11,70;12,20;11,90;316270;3763808,75;271;
2012-01-13;11,75;11,80;11,95;12,05;11,25;11,80;11,73;560171;6571093,7;367;
2012-01-12;11,90;12,00;12,00;12,25;11,85;11,95;12,03;566927;6817829,15;373;
2012-01-11;11,90;12,00;12,05;12,10;11,75;12,00;11,89;464862;5525827,35;264;
2012-01-10;12,00;12,05;12,00;12,15;11,90;12,05;12,04;527448;6349062,15;297;
2012-01-09;11,80;11,85;11,95;12,10;11,70;11,85;11,92;782857;9330555,55;441;
2012-01-06;11,60;12,00;;;;11,70;;;;0;
2012-01-05;11,65;11,70;11,50;11,80;11,50;11,70;11,68;396255;4628791,8;198;
2012-01-04;11,40;11,45;11,35;11,55;11,20;11,45;11,40;659935;7522420,2;321;
2012-01-03;11,30;11,35;11,50;11,65;11,20;11,35;11,41;658884;7519502,65;395;
2012-01-02;11,15;11,20;10,80;11,40;10,75;11,20;11,19;418572;4683808,05;266;
2011-12-30;10,60;10,75;10,60;10,75;10,55;10,75;10,61;185825;1972014,6;121;
2011-12-29;10,60;10,65;10,60;10,65;10,45;10,60;10,55;250340;2641400,2;177;
2011-12-28;10,55;10,70;10,80;10,80;10,55;10,70;10,69;191018;2042503,05;118;
2011-12-27;10,75;10,85;11,00;11,00;10,50;10,75;10,78;286036;3084366,1;158;
2011-12-23;10,70;10,75;10,75;10,80;10,60;10,70;10,70;203031;2172911,7;133;
2011-12-22;10,45;10,50;10,35;10,75;10,25;10,50;10,46;257327;2692170,5;146;
2011-12-21;10,25;10,35;10,15;10,35;10,10;10,25;10,21;372038;3797121,15;169;
2011-12-20;10,00;10,05;9,95;10,05;9,85;10,05;9,94;439692;4371450;154;
2011-12-19;9,80;9,90;9,75;10,00;9,70;9,80;9,85;220479;2171239,4;141;
2011-12-16;9,95;10,00;9,95;10,00;9,80;10,00;9,91;237762;2355482,75;133;
2011-12-15;9,90;9,95;10,20;10,25;9,90;9,95;10,04;269177;2702797,75;120;
2011-12-14;10,00;10,05;10,45;10,45;9,95;10,05;10,23;218137;2230485,75;147;
2011-12-13;10,35;10,45;10,50;10,55;10,10;10,40;10,36;292450;3029129,15;177;
2011-12-12;10,50;10,55;10,90;11,00;10,50;10,50;10,79;222836;2404068,8;146;
2011-12-09;10,70;10,75;10,80;10,90;10,65;10,75;10,77;307862;3316152,35;185;
2011-12-08;10,80;10,85;11,10;11,10;10,75;10,80;10,94;325255;3558398,95;184;
2011-12-07;10,95;11,00;11,05;11,25;10,90;11,00;11,05;458141;5062108,7;236;
2011-12-06;10,90;11,00;11,00;11,10;10,85;10,90;10,95;363332;3976761,25;263;
2011-12-05;10,85;10,95;10,65;11,35;10,50;10,95;10,99;887204;9754284,35;576;
2011-12-02;10,30;10,35;10,25;10,45;10,20;10,35;10,32;319927;3303165,1;156;
2011-12-01;10,10;10,15;10,20;10,35;10,10;10,15;10,22;250025;2556093,15;157;
2011-11-30;10,05;10,10;9,75;10,25;9,65;10,10;9,94;484122;4810906,7;240;
2011-11-29;9,80;9,85;10,00;10,05;9,80;9,85;9,91;554893;5499110,45;301;
2011-11-28;9,90;9,95;9,80;10,05;9,65;9,90;9,93;475463;4719517,45;302;
2011-11-25;9,70;9,80;10,15;10,15;9,60;9,75;9,88;882631;8722723,25;554;
2011-11-24;9,85;9,95;9,85;10,40;9,75;9,95;10,10;581973;5880107;388;
2011-11-23;9,70;9,85;10,15;10,30;9,75;9,85;9,96;250591;2497064,8;138;
2011-11-22;10,05;10,10;10,05;10,30;9,90;10,10;10,12;286728;2902036,1;146;
2011-11-21;10,00;10,10;10,70;10,70;10,00;10,00;10,24;420176;4302281,05;235;
2011-11-18;10,60;10,65;11,15;11,15;10,60;10,65;10,82;423155;4579530,2;247;
2011-11-17;11,15;11,25;11,30;11,60;11,20;11,25;11,32;449650;5088985,2;241;
2011-11-16;11,45;11,50;11,45;11,70;11,25;11,45;11,47;599348;6872384,45;293;
2011-11-15;11,55;11,65;11,15;11,75;11,00;11,65;11,52;1165853;13426447,4;672;
2011-11-14;11,10;11,15;10,70;11,35;10,70;11,10;11,04;558274;6163754,5;366;
2011-11-11;10,60;10,65;10,30;10,70;10,30;10,65;10,53;269864;2842942,45;160;
2011-11-10;10,20;10,30;10,30;10,35;10,10;10,30;10,26;152095;1560520,83;102;
2011-11-09;10,25;10,35;10,50;10,60;10,10;10,35;10,40;279253;2903737,3;168;
2011-11-08;10,25;10,40;10,30;10,55;10,20;10,40;10,42;255212;2660147,5;118;
2011-11-07;10,20;10,30;10,30;10,40;10,10;10,20;10,25;145525;1491027,06;105;
2011-11-04;10,30;10,35;10,55;10,55;10,20;10,30;10,37;151961;1575747,5;73;
2011-11-03;10,30;10,35;10,15;10,40;10,00;10,35;10,28;322904;3320868,65;162;
2011-11-02;10,15;10,20;10,15;10,45;10,15;10,20;10,27;236919;2433380,45;116;
2011-11-01;10,10;10,15;10,05;10,40;10,00;10,15;10,15;327752;3326138,3;201;
2011-10-31;10,50;10,55;10,75;11,15;10,40;10,55;10,72;466534;5003299,85;263;
2011-10-28;10,50;10,55;10,00;11,60;9,95;10,55;10,72;952538;10209897;599;
2011-10-27;9,90;9,95;9,50;10,05;9,30;9,95;9,67;603416;5833480,45;208;
2011-10-26;9,35;9,40;9,55;9,80;9,25;9,40;9,55;318017;3035830,89;194;
2011-10-25;9,40;9,45;9,15;9,60;9,15;9,45;9,41;209804;1973270,41;136;
2011-10-24;9,10;9,25;9,25;9,30;8,95;9,25;9,06;273638;2479564,12;155;
2011-10-21;9,10;9,20;9,25;9,25;9,05;9,10;9,15;340403;3115485,35;153;
2011-10-20;9,20;9,25;9,30;9,40;9,20;9,25;9,25;108728;1005982,65;54;
2011-10-19;9,25;9,35;9,35;9,45;9,15;9,35;9,31;134735;1254015,48;86;
2011-10-18;9,20;9,35;9,30;9,40;9,00;9,20;9,24;144163;1332005,99;114;
2011-10-17;9,35;9,45;9,65;9,70;9,20;9,40;9,39;243164;2282541,25;135;
2011-10-14;9,40;9,45;9,10;9,60;9,10;9,45;9,44;375972;3550404,7;179;
2011-10-13;8,90;9,00;8,95;9,20;8,65;8,95;8,91;183759;1636365,95;112;
2011-10-12;8,90;8,95;8,55;8,95;8,50;8,95;8,71;125845;1095938,9;89;
2011-10-11;8,50;8,60;8,70;8,70;8,35;8,60;8,51;232347;1977137,65;108;
2011-10-10;8,60;8,65;8,40;8,70;8,25;8,70;8,49;139267;1181771,65;84;
2011-10-07;8,40;8,55;8,60;8,60;8,35;8,40;8,45;75935;641618,25;63;
2011-10-06;8,50;8,60;8,50;8,60;8,30;8,60;8,37;312791;2616568,8;117;
2011-10-05;8,10;8,15;8,35;8,35;8,05;8,15;8,21;369004;3029940,95;139;
2011-10-04;8,00;8,20;8,25;8,40;7,70;8,05;8,08;511468;4133873,5;269;
2011-10-03;8,45;8,50;8,50;8,70;8,25;8,45;8,48;222881;1890168;139;
2011-09-30;8,60;8,80;8,80;8,80;8,40;8,60;8,57;168978;1448185,05;105;
2011-09-29;8,80;8,90;8,95;9,15;8,80;8,80;9,00;259424;2334343,55;152;
2011-09-28;8,80;8,85;8,60;8,85;8,40;8,75;8,66;204756;1773802,18;143;
2011-09-27;8,55;8,65;8,20;8,75;8,20;8,55;8,49;209403;1778869,15;122;
2011-09-26;7,95;8,10;8,20;8,70;7,65;7,90;8,19;427194;3498001,8;226;
2011-09-23;8,45;8,50;8,80;8,80;8,00;8,45;8,29;381741;3165338,55;223;
2011-09-22;8,85;8,90;9,00;9,05;8,50;8,85;8,87;272505;2416626,85;177;
2011-09-21;9,10;9,30;9,25;9,40;9,10;9,10;9,25;120602;1115832,5;78;
2011-09-20;9,30;9,45;9,20;9,50;9,20;9,45;9,32;51888;483695,55;52;
2011-09-19;9,15;9,20;9,60;9,60;9,20;9,20;9,41;145811;1372800,3;95;
2011-09-16;9,60;9,70;9,80;9,85;9,55;9,70;9,70;168802;1637267,5;88;
2011-09-15;9,65;9,70;9,55;9,80;9,55;9,70;9,67;224948;2176278;115;
2011-09-14;9,55;9,60;9,30;9,75;9,30;9,60;9,51;279359;2657311,65;116;
2011-09-13;9,10;9,20;9,20;9,20;8,85;9,15;9,01;142652;1284683,6;79;
2011-09-12;9,20;9,25;9,35;9,35;9,00;9,20;9,16;154034;1410947,3;111;
2011-09-09;9,45;9,50;9,45;9,50;9,20;9,45;9,39;109097;1023982,45;87;
2011-09-08;9,30;9,40;9,10;9,55;8,80;9,30;9,15;286692;2624082;154;
2011-09-07;8,90;8,95;8,70;8,95;8,70;8,90;8,88;139168;1235589,4;72;
2011-09-06;8,60;8,65;8,00;8,75;8,00;8,60;8,25;677335;5588527,3;338;
2011-09-05;8,10;8,35;8,60;8,75;8,15;8,35;8,46;302923;2562774,75;162;
2011-09-02;8,80;8,95;8,65;9,35;8,50;8,90;8,82;1183575;10444882,15;384;
2011-09-01;8,65;8,70;8,50;8,75;8,25;8,65;8,44;310449;2618658,6;149;
2011-08-31;8,25;8,35;8,35;8,45;8,20;8,25;8,32;426259;3547602,45;184;
2011-08-30;8,05;8,10;8,05;8,20;7,90;8,05;8,05;164022;1319760,65;91;
2011-08-29;8,05;8,10;8,20;8,20;7,95;8,05;8,04;236566;1902367,95;149;
2011-08-26;7,90;7,95;8,15;8,15;7,85;7,95;7,94;207488;1648192,03;125;
2011-08-25;7,90;7,95;8,05;8,10;7,75;7,90;7,91;440818;3485237,1;262;
2011-08-24;8,25;8,35;8,60;8,60;8,20;8,25;8,38;209356;1755269,8;82;
2011-08-23;8,35;8,40;8,50;8,70;8,20;8,40;8,44;227283;1918486,95;128;
2011-08-22;8,40;8,45;8,20;8,85;8,20;8,45;8,57;285792;2450368,9;135;
2011-08-19;8,05;8,10;8,40;8,40;7,80;8,10;8,05;318461;2563791,53;225;
2011-08-18;8,40;8,45;9,15;9,15;8,40;8,45;8,71;330931;2883826,65;182;
2011-08-17;8,95;9,00;8,90;9,20;8,75;9,00;8,99;480420;4317777,75;274;
2011-08-16;8,90;9,00;9,15;9,20;8,75;8,90;8,97;532082;4770806,95;294;
2011-08-15;9,10;9,25;8,70;9,30;8,70;9,25;9,01;599347;5399083,5;330;
2011-08-12;8,70;8,75;8,55;8,95;8,35;8,70;8,66;315916;2735263,1;194;
2011-08-11;8,25;8,45;8,70;8,80;8,20;8,45;8,51;440915;3750327;180;
2011-08-10;8,35;8,45;8,70;8,70;8,25;8,35;8,52;488852;4163637,85;257;
2011-08-09;8,30;8,40;7,45;8,40;7,00;8,35;7,65;920587;7043322,25;533;
2011-08-08;7,95;8,00;7,90;8,40;7,50;8,00;7,98;936850;7479960,55;441;
2011-08-05;8,25;8,45;8,20;8,65;6,95;8,25;7,98;971091;7747328,7;690;
2011-08-04;8,65;8,70;9,55;9,75;8,65;8,65;9,10;614973;5597442,95;331;
2011-08-03;9,20;9,25;9,60;9,60;9,15;9,25;9,32;415253;3869158,8;226;
2011-08-02;9,65;9,80;10,00;10,00;9,60;9,80;9,72;226678;2204425,25;119;
2011-08-01;9,95;10,00;10,15;10,25;9,90;10,00;10,13;237356;2404789,4;144;
2011-07-29;9,90;9,95;10,20;10,20;9,60;9,95;9,92;589055;5843660,15;452;
2011-07-28;10,35;10,40;10,40;10,55;10,30;10,35;10,40;167838;1746309,6;102;
2011-07-27;10,45;10,55;10,40;10,75;10,20;10,60;10,51;444817;4673845,1;193;
2011-07-26;10,60;10,75;11,05;11,15;10,50;10,60;10,87;258348;2808253,58;146;
2011-07-25;11,00;11,10;11,00;11,25;11,00;11,00;11,11;114466;1271823,3;76;
2011-07-22;11,20;11,30;10,85;11,40;10,85;11,30;11,16;184002;2053910,7;114;
2011-07-21;11,00;11,05;11,10;11,15;10,90;11,00;11,02;149912;1651871,7;82;
2011-07-20;11,15;11,20;11,20;11,30;11,05;11,20;11,15;112252;1251821,15;73;
2011-07-19;11,20;11,25;11,20;11,40;10,95;11,25;11,21;271630;3045445,77;125;
2011-07-18;11,20;11,30;11,35;11,40;10,85;11,30;11,11;423861;4710064,93;278;
2011-07-15;10,70;10,75;10,60;10,80;10,35;10,75;10,58;122162;1292020,2;84;
2011-07-14;10,40;10,55;10,60;10,60;10,35;10,55;10,47;160570;1680777,8;103;
2011-07-13;10,65;10,70;10,55;10,90;10,55;10,70;10,74;154729;1661769;115;
2011-07-12;10,40;10,55;10,50;10,70;10,30;10,40;10,46;229181;2397773,96;185;
2011-07-11;10,90;11,00;11,60;11,60;10,90;10,90;11,26;197583;2224200,4;163;
2011-07-08;11,50;11,75;11,90;11,95;11,45;11,75;11,66;372093;4338819,45;254;
2011-07-07;11,95;12,00;11,75;12,00;11,70;12,00;11,83;273263;3232823,65;151;
2011-07-06;11,60;11,65;11,60;11,80;11,35;11,65;11,63;586420;6818411,75;281;
2011-07-05;11,55;11,70;11,20;11,90;11,15;11,70;11,55;465201;5373256,25;283;
2011-07-04;11,10;11,25;10,80;11,25;10,80;11,25;11,07;238132;2636304,7;161;
2011-07-01;10,65;10,75;11,00;11,00;10,40;10,75;10,68;202538;2163462,45;143;
2011-06-30;10,90;10,95;10,60;10,95;10,45;10,95;10,73;365502;3923670,65;219;
2011-06-29;10,20;10,30;10,00;10,20;9,90;10,20;10,08;162228;1635579,6;89;
2011-06-28;9,80;9,90;10,00;10,10;9,75;9,90;9,87;125371;1236943,3;94;
2011-06-27;9,80;9,85;9,75;9,85;9,45;9,80;9,67;150899;1458932,7;135;
2011-06-24;9,50;10,00;;;;9,70;;;;0;
2011-06-23;9,60;9,70;9,75;10,00;9,50;9,70;9,77;285797;2790815,2;170;
2011-06-22;9,60;9,65;9,50;9,65;9,30;9,45;9,43;185715;1750737,7;134;
2011-06-21;9,40;9,45;9,10;9,45;9,10;9,45;9,23;221250;2041790,25;119;
2011-06-20;9,05;9,10;9,30;9,30;9,05;9,10;9,10;229892;2092440,25;120;
2011-06-17;9,35;9,40;9,40;9,50;9,15;9,40;9,36;327437;3066010,1;171;
2011-06-16;9,30;9,45;9,80;9,80;9,00;9,45;9,24;549330;5077314,2;300;
2011-06-15;9,80;9,85;10,05;10,15;9,75;9,80;9,94;133267;1325063,55;116;
2011-06-14;9,95;10,00;9,85;10,15;9,60;10,00;9,85;171999;1694711,85;117;
2011-06-13;9,85;9,95;10,20;10,25;9,85;9,95;10,08;502345;5065579,9;334;
2011-06-10;9,70;9,75;9,35;9,85;9,15;9,75;9,56;607042;5801173,95;262;
2011-06-09;9,25;9,30;9,00;9,35;8,85;9,30;9,09;328089;2983211,35;258;
2011-06-08;9,05;9,15;9,45;9,65;8,95;9,05;9,24;997139;9214589,25;492;
2011-06-07;9,55;9,60;9,45;9,65;9,40;9,55;9,51;712867;6779128,05;319;
2011-06-06;9,70;10,10;;;;9,85;;;;0;
2011-06-03;9,80;9,85;10,20;10,20;9,65;9,85;9,85;1356678;13358893,6;745;
2011-06-01;10,50;10,60;10,80;10,80;10,45;10,50;10,56;141837;1497195,05;82;
2011-05-31;10,65;10,80;10,85;11,15;10,65;10,65;10,86;2162280;22590479,8;186;
2011-05-30;10,75;10,85;10,80;10,90;10,70;10,85;10,84;203366;2204847,8;161;
2011-05-27;10,65;10,75;10,30;10,90;10,25;10,75;10,62;479727;5093980,3;300;
2011-05-26;10,25;10,30;11,05;11,05;10,20;10,30;10,43;1092533;11393536;776;
2011-05-25;11,00;11,05;11,30;11,40;10,95;11,00;11,14;480868;5358554,45;390;
2011-05-24;11,45;11,50;11,40;11,60;11,40;11,50;11,49;107122;1230814,75;82;
2011-05-23;11,40;11,50;11,55;11,55;11,35;11,40;11,44;187984;2149744,65;143;
2011-05-20;11,55;11,60;11,65;11,65;11,50;11,55;11,57;180838;2092069;152;
2011-05-19;11,60;11,65;11,65;11,90;11,60;11,65;11,68;139142;1624491,25;88;
2011-05-18;11,55;11,60;11,40;11,65;11,35;11,55;11,50;138178;1588768,55;104;
2011-05-17;11,45;11,50;11,60;11,90;11,30;11,50;11,63;207777;2415685,4;189;
2011-05-16;11,65;11,80;12,00;12,10;11,60;11,65;11,83;216609;2562560,35;230;
2011-05-13;12,00;12,05;11,80;12,05;11,70;12,00;11,91;222032;2643873,6;168;
2011-05-12;11,65;11,75;11,65;11,80;11,50;11,65;11,68;266285;3109592,2;179;
2011-05-11;11,80;11,90;11,95;12,05;11,80;11,90;11,92;250928;2990471,45;217;
2011-05-10;11,80;11,85;12,00;12,10;11,60;11,85;11,80;338580;3994818;241;
2011-05-09;11,75;11,80;11,45;11,90;11,30;11,75;11,47;484603;5560587,8;314;
2011-05-06;11,35;11,40;11,20;11,50;10,90;11,40;11,20;1375193;15403220,3;853;
2011-05-05;11,45;11,50;11,70;11,90;11,45;11,45;11,59;449316;5208194,2;308;
2011-05-04;11,30;11,45;11,70;11,80;11,30;11,45;11,60;1366673;15857421,3;710;
2011-05-03;11,70;11,75;11,90;12,00;11,70;11,75;11,85;899887;10662843,6;487;
2011-05-02;12,00;12,05;12,30;12,30;12,00;12,00;12,15;756488;9193555,2;404;
2011-04-29;12,10;12,15;11,90;12,20;11,85;12,15;12,03;1201161;14445352,3;556;
2011-04-28;11,70;11,75;11,90;12,05;11,70;11,75;11,87;1484101;17614995,2;801;
2011-04-27;11,80;11,90;11,85;12,15;11,80;11,85;11,93;1355936;16177856,5;833;
2011-04-26;11,95;12,00;11,80;12,15;11,70;11,95;11,96;1810409;21651602,8;1072;
2011-04-21;12,45;12,50;12,40;12,55;12,15;12,50;12,35;281919;3481878,1;208;
2011-04-20;12,35;12,40;12,80;13,10;12,30;12,35;12,60;1178023;14843100,9;729;
2011-04-19;12,65;12,75;12,60;12,80;12,50;12,70;12,66;337331;4271638,35;279;
2011-04-18;12,70;12,80;13,00;13,10;12,70;12,80;12,88;340579;4388188,5;236;
2011-04-15;12,95;13,00;13,15;13,15;12,90;13,00;13,01;349164;4543543,75;291;
2011-04-14;13,10;13,15;13,25;13,65;13,05;13,15;13,36;572179;7644537,3;326;
2011-04-13;13,25;13,30;13,15;13,80;13,15;13,30;13,41;623643;8361144,85;429;
2011-04-12;13,05;13,10;13,65;13,70;12,95;13,10;13,34;801870;10693693,55;608;
2011-04-11;13,95;14,05;14,35;14,35;13,60;14,05;13,90;669587;9310312,6;480;
2011-04-08;14,30;14,35;14,30;14,45;14,15;14,35;14,29;720649;10299313,95;550;
2011-04-07;14,55;14,60;14,65;15,00;14,40;14,60;14,73;1472204;21684163,35;862;
2011-04-06;14,45;14,55;14,35;14,60;14,05;14,55;14,38;1113802;16017096,4;748;
2011-04-05;14,30;14,35;13,75;14,35;13,75;14,35;14,11;966461;13641011,55;693;
2011-04-04;13,55;13,65;13,20;13,95;13,05;13,60;13,64;2118239;28883808,25;1479;
2011-04-01;13,15;13,25;12,75;13,65;12,75;13,20;13,19;2438924;32176558,9;1537;
2011-03-31;12,50;12,55;12,35;12,70;12,25;12,50;12,44;1912076;23786753,65;1025;
2011-03-30;12,05;12,20;12,50;12,50;12,05;12,20;12,22;411655;5029066,95;242;
2011-03-29;12,00;12,05;12,00;12,10;11,85;12,05;11,99;123008;1474785,4;106;
2011-03-28;11,90;11,95;12,05;12,05;11,80;11,90;11,88;269839;3205815,1;154;
2011-03-25;12,00;12,05;12,00;12,10;11,75;11,95;11,97;254271;3043546,8;171;
2011-03-24;11,85;11,90;11,85;12,10;11,80;11,85;11,94;312035;3726058,8;206;
2011-03-23;11,80;11,90;11,75;11,85;11,60;11,85;11,74;213407;2504740,1;164;
2011-03-22;11,60;11,65;11,70;11,70;11,50;11,60;11,59;186556;2162117,85;122;
2011-03-21;11,60;11,65;11,90;12,00;11,55;11,60;11,75;564116;6628199,35;394;
2011-03-18;11,70;11,75;11,80;12,00;11,55;11,75;11,76;636349;7485831,4;423;
2011-03-17;11,70;11,75;11,65;12,00;11,60;11,75;11,72;359402;4213709,85;238;
2011-03-16;11,65;11,75;11,85;12,15;11,50;11,75;11,85;577799;6847752,15;346;
2011-03-15;11,75;11,80;12,00;12,15;11,60;11,75;11,79;588351;6939326,25;427;
2011-03-14;12,15;12,30;11,55;12,75;11,55;12,30;12,34;1289188;15911146,1;743;
2011-03-11;11,60;11,70;12,05;12,05;11,70;11,70;11,87;320106;3798376,3;255;
2011-03-10;12,05;12,15;12,50;12,60;11,90;12,10;12,25;421503;5164582,7;328;
2011-03-09;12,80;12,85;12,95;13,10;12,75;12,80;12,91;143937;1858934,75;122;
2011-03-08;13,00;13,05;13,00;13,40;12,85;13,00;13,06;208614;2723745,85;174;
2011-03-07;13,15;13,25;13,30;13,40;13,00;13,15;13,21;184117;2432531,85;122;
2011-03-04;13,10;13,15;12,95;13,15;12,70;13,10;12,98;162972;2115231,15;156;
2011-03-03;12,90;13,00;12,50;13,00;12,50;12,90;12,77;179858;2297520,55;163;
2011-03-02;12,30;12,40;12,55;12,70;12,30;12,40;12,48;153746;1919291,9;125;
2011-03-01;12,50;12,55;12,80;12,85;12,40;12,55;12,56;278842;3501511,5;189;
2011-02-28;12,70;12,90;12,95;12,95;12,65;12,90;12,77;116452;1487109,8;125;
2011-02-25;12,95;13,00;13,00;13,15;12,90;12,95;13,04;140182;1828027,55;103;
2011-02-24;12,95;13,05;12,80;13,30;12,65;12,95;13,04;215566;2810863,97;164;
2011-02-23;12,80;12,90;13,20;13,20;12,70;12,85;12,86;199592;2567511,1;162;
2011-02-22;13,20;13,30;13,90;13,90;12,85;13,20;13,17;526840;6940012,7;394;
2011-02-21;13,55;13,60;13,35;13,85;13,15;13,60;13,48;423268;5703878,6;334;
2011-02-18;12,95;13,05;11,90;13,05;11,80;12,95;12,39;785748;9736732,8;519;
2011-02-17;11,75;11,85;12,10;12,10;11,75;11,80;11,88;334292;3972022,25;229;
2011-02-16;11,90;12,00;11,70;12,05;11,60;12,00;11,84;225237;2666347,7;174;
2011-02-15;11,65;11,70;11,95;12,20;11,45;11,70;11,76;455678;5361009,3;418;
2011-02-14;11,90;11,95;12,50;12,65;11,95;11,95;12,18;298469;3635843,1;279;
2011-02-11;12,40;12,50;12,60;12,90;12,40;12,45;12,61;384121;4844038,7;277;
2011-02-10;12,30;12,50;12,35;12,40;12,15;12,35;12,31;244668;3012743,27;238;
2011-02-09;12,10;12,15;12,40;12,60;12,15;12,15;12,30;511354;6287212,05;375;
2011-02-08;12,65;12,70;12,95;12,95;12,55;12,70;12,74;344372;4386317,53;212;
2011-02-07;13,00;13,05;13,00;13,20;12,85;13,00;13,01;273662;3560926,7;177;
2011-02-04;13,10;13,15;13,15;13,25;12,95;13,10;13,09;517457;6772008,9;305;
2011-02-03;13,35;13,40;13,70;13,70;13,35;13,40;13,48;190071;2562084,75;137;
2011-02-02;13,50;13,60;13,65;13,70;13,35;13,60;13,53;193689;2619885,65;144;
2011-02-01;13,50;13,60;13,60;13,90;13,50;13,55;13,63;347043;4730508,66;227;
2011-01-31;13,50;13,60;13,95;13,95;13,50;13,60;13,64;290895;3967551,65;256;
2011-01-28;13,85;13,95;14,10;14,30;13,85;13,90;14,03;374258;5251294,15;244;
2011-01-27;14,00;14,10;13,95;14,15;13,90;14,10;14,03;397075;5571852,6;210;
2011-01-26;14,05;14,15;14,15;14,20;13,70;14,15;13,92;522706;7277893,6;323;
2011-01-25;14,10;14,15;14,30;14,30;14,00;14,15;14,14;258462;3654254,1;139;
2011-01-24;14,30;14,35;14,80;15,00;14,10;14,35;14,57;540911;7881484,15;316;
2011-01-21;14,25;14,40;13,90;14,40;13,35;14,35;14,02;424756;5955257,35;239;
2011-01-20;13,80;13,85;14,20;14,25;13,75;13,85;13,99;701784;9817485,45;348;
2011-01-19;14,10;14,15;14,90;14,90;14,00;14,10;14,41;363154;5234352,15;280;
2011-01-18;14,65;14,70;15,20;15,20;14,55;14,70;14,89;636699;9479935,5;389;
2011-01-17;14,95;15,00;14,30;15,50;14,30;15,00;14,87;1462281;21744477,6;903;
2011-01-14;14,00;14,10;13,90;14,10;13,75;14,10;13,91;440322;6124447,1;273;
2011-01-13;13,75;13,80;14,05;14,55;13,55;13,80;13,93;1343100;18708956,45;783;
2011-01-12;13,80;13,85;13,15;15,50;13,00;13,80;14,25;2357063;33587807,5;1350;
2011-01-11;13,10;13,15;13,00;13,30;13,00;13,15;13,19;132177;1743916,85;95;
2011-01-10;13,00;13,10;13,05;13,20;13,00;13,10;13,07;166460;2175088,5;109;
2011-01-07;13,05;13,10;12,80;13,30;12,60;13,05;12,98;819197;10635745,1;418;
2011-01-05;13,40;13,45;13,60;13,60;13,40;13,45;13,45;101847;1369913,5;65;
2011-01-04;13,55;13,60;13,60;14,00;13,50;13,55;13,74;235214;3230818,93;163;
2011-01-03;13,65;13,80;13,50;13,90;13,50;13,65;13,75;112087;1541515,7;92;
2010-12-30;13,45;13,50;13,70;13,70;13,45;13,50;13,54;166233;2250275,25;81;
2010-12-29;13,60;13,70;14,00;14,00;13,60;13,60;13,76;169036;2325222,85;91;
2010-12-28;13,90;13,95;13,75;14,00;13,55;13,95;13,84;141200;1953969,6;86;
2010-12-27;13,65;13,70;13,45;13,75;13,40;13,70;13,64;93702;1278002,3;62;
2010-12-23;13,40;13,50;13,35;13,60;13,35;13,40;13,47;67937;915144,4;50;
2010-12-22;13,30;13,45;13,45;13,55;13,15;13,30;13,42;111049;1490405,1;85;
2010-12-21;13,45;13,50;13,90;13,90;13,35;13,50;13,59;532551;7235587,8;255;
2010-12-20;13,90;14,00;13,90;14,20;13,65;14,00;14,00;286083;4003900,35;157;
2010-12-17;13,95;14,00;14,15;14,20;13,95;13,95;14,06;140598;1977261,15;102;
2010-12-16;14,25;14,40;13,80;14,40;13,60;14,25;13,92;606751;8445152,25;395;
2010-12-15;13,70;13,80;13,40;13,75;13,15;13,70;13,51;246347;3323390,55;123;
2010-12-14;13,45;13,50;13,20;13,50;13,10;13,45;13,31;137865;1834587,7;89;
2010-12-13;13,20;13,25;13,80;13,80;13,15;13,20;13,38;247000;3304672,15;176;
2010-12-10;13,70;13,75;13,55;13,80;13,40;13,75;13,61;145887;1985254,8;83;
2010-12-09;13,55;13,60;13,95;14,20;13,50;13,55;13,79;606208;8361193,2;333;
2010-12-08;13,95;14,00;14,00;14,05;13,80;13,95;13,95;226548;3160162;121;
2010-12-07;14,00;14,05;13,95;14,15;13,90;14,00;14,00;261880;3665443,35;135;
2010-12-06;13,90;14,00;13,95;14,10;13,75;13,90;13,93;366374;5104218,1;165;
2010-12-03;13,85;13,90;13,90;13,90;13,45;13,85;13,66;491262;6710858,85;306;
2010-12-02;13,85;13,95;14,00;14,00;13,60;13,90;13,82;549170;7590121,9;301;
2010-12-01;13,95;14,00;14,05;14,25;13,85;14,00;13,97;683601;9547506,55;209;
2010-11-30;13,75;13,85;14,00;14,20;13,70;13,80;13,89;458083;6360845,5;245;
2010-11-29;13,70;13,80;14,20;15,40;13,50;13,80;14,32;1180807;16906571,45;744;
2010-11-26;13,70;13,80;13,90;13,90;13,30;13,70;13,71;208334;2855578,75;122;
2010-11-25;13,45;13,55;13,55;13,55;13,35;13,45;13,50;49988;674762,95;54;
2010-11-24;13,50;13,55;13,15;13,60;13,00;13,55;13,35;203992;2723334,55;106;
2010-11-23;13,15;13,25;13,25;13,30;12,85;13,15;13,09;360860;4722444,85;166;
2010-11-22;13,15;13,20;13,40;13,45;13,05;13,15;13,30;523642;6962978,85;232;
2010-11-19;13,45;13,50;13,45;13,45;12,40;13,45;13,21;709650;9373189,25;377;
2010-11-18;13,45;13,50;13,50;13,55;13,40;13,45;13,44;588696;7910536,4;225;
2010-11-17;13,50;13,55;13,40;13,70;13,30;13,50;13,47;1333708;17966157,9;267;
2010-11-16;13,40;13,50;13,60;13,60;13,35;13,50;13,47;261660;3524361,3;131;
2010-11-15;13,55;13,65;13,60;13,65;13,35;13,65;13,53;161364;2182965,5;140;
2010-11-12;13,55;13,65;13,75;13,90;13,50;13,65;13,65;218733;2985993,7;163;
2010-11-11;13,65;13,75;13,60;14,10;13,50;13,75;13,80;355835;4912080,1;255;
2010-11-10;13,40;13,45;13,50;13,50;13,25;13,40;13,43;101064;1357278,19;95;
2010-11-09;13,30;13,40;13,55;13,55;13,25;13,35;13,37;174436;2331681,05;149;
2010-11-08;13,25;13,35;13,50;13,60;13,10;13,25;13,34;463119;6177610,55;227;
2010-11-05;13,60;13,75;13,55;13,85;13,50;13,60;13,66;128208;1751942,85;96;
2010-11-04;13,45;13,55;13,60;13,95;13,20;13,50;13,60;471185;6409430,3;274;
2010-11-03;13,55;13,60;14,10;14,10;13,50;13,60;13,76;407522;5607050,15;250;
2010-11-02;14,05;14,20;13,85;14,45;13,85;14,20;14,15;498890;7057550,35;359;
2010-11-01;13,75;13,80;13,50;13,80;13,40;13,75;13,56;176766;2396704,25;164;
2010-10-29;13,30;13,35;13,45;13,45;13,05;13,30;13,22;288929;3820877,65;188;
2010-10-28;13,45;13,50;13,95;13,95;13,35;13,45;13,56;619063;8396010,7;412;
2010-10-27;13,95;14,05;14,75;14,90;13,50;13,95;14,23;872859;12420912,75;697;
2010-10-26;14,50;14,55;13,70;15,50;13,70;14,50;14,60;1468776;21450305,3;1185;
2010-10-25;13,35;13,45;12,35;15,00;12,30;13,45;13,17;1738671;22893471,4;961;
2010-10-22;11,70;11,75;11,75;11,85;11,30;11,70;11,62;513985;5972150,8;255;
2010-10-21;11,65;11,70;11,15;11,70;10,90;11,70;11,35;555420;6301572,1;255;
2010-10-20;10,85;10,90;10,85;10,95;10,60;10,90;10,74;158691;1704745,45;101;
2010-10-19;10,80;10,85;11,05;11,10;10,80;10,80;10,99;171916;1889262,65;149;
2010-10-18;10,75;10,80;10,95;11,05;10,80;10,80;10,92;204616;2234196,15;151;
2010-10-15;10,85;10,95;11,20;11,20;10,75;10,85;10,91;332060;3623275,6;241;
2010-10-14;10,95;11,00;11,45;11,45;10,95;11,00;11,20;249423;2793358,1;199;
2010-10-13;11,20;11,30;11,35;11,70;11,20;11,20;11,41;358648;4090633,8;255;
2010-10-12;11,00;11,05;10,55;11,05;10,55;11,00;10,78;1362305;14558989,85;211;
2010-10-11;10,55;10,65;10,70;10,85;10,25;10,55;10,51;336662;3539322,1;290;
2010-10-08;10,70;10,75;10,90;10,95;10,50;10,75;10,68;624034;6665138,7;446;
2010-10-07;11,15;11,20;11,70;11,75;11,05;11,20;11,35;747954;8485941,3;462;
2010-10-06;11,65;11,70;11,80;11,95;11,60;11,65;11,73;596098;6992842,05;279;
2010-10-05;11,75;11,80;11,70;11,90;11,40;11,75;11,70;436960;5112972,35;304;
2010-10-04;11,60;11,80;12,25;12,25;11,50;11,60;11,82;1260367;14896280,15;702;
2010-10-01;12,10;12,20;11,45;12,50;11,45;12,20;11,97;2813349;33668122,25;1742;
2010-09-30;11,15;11,40;11,20;12,75;11,10;11,15;11,72;2622950;30731225,35;1865;
